Date,AAPL,MSFT,NVDA,JPM,GS,JNJ,PFE,KO,PG,WMT,XOM,CAT
2019-01-02,37.469207763671875,94.1931381225586,3.376983880996704,80.83650207519531,145.39170837402344,103.79100036621094,28.818653106689453,37.58269119262695,75.3482437133789,27.913772583007812,49.66474533081055,108.02359771728516
2019-01-03,33.73698043823242,90.72797393798828,3.1729562282562256,79.68769073486328,143.2618865966797,102.14168548583984,28.01239585876465,37.35044479370117,74.81995391845703,27.770233154296875,48.9022102355957,103.86095428466797
2019-01-04,35.17721939086914,94.94762420654297,3.376239538192749,82.62539672851562,147.9440460205078,103.85599517822266,28.652070999145508,38.09521484375,76.34706115722656,27.94368553161621,50.70521926879883,109.53649139404297
2019-01-07,35.09891128540039,95.0687255859375,3.554980516433716,82.6828384399414,148.76385498046875,103.18975830078125,28.805334091186523,37.59870147705078,76.04165649414062,28.272642135620117,50.968910217285156,109.60487365722656
2019-01-08,35.76799774169922,95.75804901123047,3.4664783477783203,82.52691650390625,148.21449279785156,105.58651733398438,28.938594818115234,38.02313995361328,76.32231140136719,28.470022201538086,51.33946990966797,110.92121124267578
2019-01-09,36.375396728515625,97.12734985351562,3.534651756286621,82.3874282836914,149.14414978027344,104.74967956542969,28.87862205505371,37.29438018798828,75.07583618164062,28.377309799194336,51.61027526855469,111.34859466552734
2019-01-10,36.49165344238281,96.50324249267578,3.6003470420837402,82.37921142578125,148.74691772460938,105.38339233398438,28.192306518554688,37.69480895996094,75.2574462890625,28.39824676513672,51.34659957885742,113.64788818359375
2019-01-11,36.133399963378906,95.75804901123047,3.68959379196167,81.98535919189453,149.53294372558594,105.41590881347656,28.57210922241211,37.91101837158203,75.75272369384766,28.36236000061035,51.111427307128906,112.91280364990234
2019-01-14,35.59006118774414,95.05943298339844,3.729506492614746,82.83053588867188,151.0457305908203,104.22156524658203,28.2322940826416,37.75888442993164,75.24095916748047,28.395254135131836,51.04728698730469,112.65635681152344
2019-01-15,36.3184700012207,97.81665802001953,3.7153759002685547,83.43777465820312,152.05145263671875,105.09903717041016,28.472164154052734,38.09521484375,75.95084381103516,28.784027099609375,51.0758056640625,111.70756530761719
2019-01-16,36.76214599609375,98.16133117675781,3.6898419857025146,84.11067962646484,166.56275939941406,104.0265884399414,28.059040069580078,37.574684143066406,75.42253875732422,28.813932418823242,51.054420471191406,112.53667449951172
2019-01-17,36.980430603027344,98.85063171386719,3.7612388134002686,84.45531463623047,168.26148986816406,104.87966918945312,28.298927307128906,37.686798095703125,75.41172790527344,28.930566787719727,51.40361022949219,114.99837493896484
2019-01-18,37.208221435546875,100.33171081542969,3.890397310256958,85.82571411132812,171.1772918701172,106.1795883178711,28.338899612426758,38.12724304199219,76.06068420410156,29.226627349853516,52.01649856567383,117.51032257080078
2019-01-22,36.37302780151367,98.44075775146484,3.688105821609497,84.47173309326172,167.06982421875,104.6440658569336,28.165645599365234,38.215335845947266,75.24533081054688,29.15485382080078,51.23258590698242,113.75961303710938
2019-01-23,36.5201301574707,99.40022277832031,3.7009971141815186,84.25836944580078,166.41062927246094,104.6440658569336,28.092361450195312,38.65579605102539,78.90612030029297,29.519702911376953,50.8121223449707,113.39830780029297
2019-01-24,36.230674743652344,98.92514038085938,3.9129576683044434,84.30760955810547,167.17124938964844,103.20601654052734,27.286108016967773,38.191314697265625,78.45681762695312,29.415035247802734,50.88338088989258,114.18113708496094
2019-01-25,37.431251525878906,99.82872009277344,3.9702234268188477,84.84100341796875,169.65602111816406,104.18096160888672,27.07954216003418,37.93505859375,77.87442779541016,28.990373611450195,51.111427307128906,117.7339859008789
2019-01-28,37.08483123779297,97.88186645507812,3.421358585357666,85.24307250976562,168.79396057128906,104.7984390258789,26.33992576599121,37.77488327026367,77.80786895751953,29.02625846862793,50.76934814453125,106.98942565917969
2019-01-29,36.7004508972168,95.8884506225586,3.262450933456421,85.48104858398438,169.45315551757812,105.88713073730469,27.166166305541992,37.959075927734375,77.82452392578125,28.921592712402344,50.96177673339844,108.84756469726562
2019-01-30,39.2083740234375,99.09282684326172,3.4059882164001465,85.67799377441406,171.12660217285156,106.9514389038086,27.705888748168945,38.32745361328125,78.6398696899414,28.35039520263672,51.51765060424805,111.9272689819336
2019-01-31,39.49072265625,97.27639770507812,3.563656806945801,84.9312515258789,167.34873962402344,108.12135314941406,28.53262710571289,38.543678283691406,80.26223754882812,28.658424377441406,52.22316360473633,114.55104064941406
2019-02-01,39.50970458984375,95.73941040039062,3.587951898574829,85.24307250976562,166.1063690185547,109.03129577636719,28.8216495513916,39.00014877319336,81.09424591064453,28.069286346435547,54.10457992553711,112.61549377441406
2019-02-04,40.63197326660156,98.49666595458984,3.698270082473755,85.54670715332031,167.10362243652344,107.95889282226562,28.52590560913086,39.44059753417969,81.56015014648438,28.3414249420166,53.32065200805664,112.58966827392578
2019-02-05,41.327152252197266,99.87528991699219,3.7173588275909424,85.16922760009766,167.34873962402344,107.95889282226562,28.304092407226562,39.44861602783203,81.06927490234375,28.58963966369629,53.8693733215332,113.55314636230469
2019-02-06,41.341407775878906,98.76679229736328,3.7929704189300537,85.1281967163086,166.1739959716797,108.05636596679688,28.451969146728516,39.44861602783203,81.46861267089844,28.601606369018555,53.63422393798828,112.29718780517578
2019-02-07,40.55842971801758,98.05886840820312,3.65463924407959,84.01219940185547,163.1737060546875,107.28451538085938,28.02851676940918,39.576744079589844,80.81965637207031,28.927570343017578,53.22087097167969,110.78313446044922
2019-02-08,40.6060905456543,98.43146514892578,3.673232078552246,83.17521667480469,161.990478515625,107.56888580322266,28.38475227355957,39.640811920166016,81.29391479492188,28.583660125732422,53.30735778808594,110.6282958984375
2019-02-11,40.372554779052734,98.04019165039062,3.630592107772827,82.78128814697266,161.70314025878906,107.24390411376953,28.01508140563965,39.72889709472656,81.75982666015625,28.769073486328125,53.39380645751953,110.91217803955078
2019-02-12,40.720458984375,99.5678939819336,3.74760365486145,84.1927490234375,164.37380981445312,108.99884796142578,28.142786026000977,39.76893997192383,82.58348083496094,28.99934959411621,54.3305549621582,114.1295166015625
2019-02-13,40.55126953125,99.49337005615234,3.7899961471557617,84.59481811523438,164.5428009033203,109.23442840576172,28.02851676940918,39.873046875,82.56684875488281,29.2894287109375,54.94303894042969,114.49942016601562
2019-02-14,40.699012756347656,99.57718658447266,3.8309004306793213,84.04502868652344,162.71731567382812,109.12066650390625,28.209999084472656,36.509586334228516,81.91790008544922,29.462881088256836,54.957435607910156,114.08653259277344
2019-02-15,40.60847473144531,100.8067626953125,3.900562047958374,86.61347198486328,167.7628936767578,110.8024673461914,28.4990234375,36.22929763793945,81.9345474243164,29.902496337890625,55.99504852294922,117.16620635986328
2019-02-19,40.7299919128418,100.76020050048828,3.883208751678467,86.30986785888672,167.9065399169922,110.24186706542969,28.633453369140625,35.90095138549805,83.19084930419922,30.563404083251953,56.369747161865234,116.82212829589844
2019-02-20,40.992103576660156,100.23632049560547,3.930558204650879,86.7283706665039,167.84739685058594,110.778076171875,28.36458969116211,36.11717987060547,82.60014343261719,29.86959457397461,56.58590316772461,120.70185089111328
2019-02-21,40.760955810546875,102.35050964355469,3.8616411685943604,86.5478286743164,165.95423889160156,110.02249908447266,28.324264526367188,36.72581100463867,83.0161361694336,29.723060607910156,56.0743293762207,119.4716796875
2019-02-22,41.2160758972168,103.80986022949219,3.946425199508667,86.16217803955078,165.65000915527344,110.9812240600586,28.87542724609375,36.26133346557617,83.40715789794922,29.77091407775879,56.50666046142578,119.29965209960938
2019-02-25,41.516326904296875,104.38984680175781,3.9340298175811768,87.06480407714844,167.88963317871094,111.39009094238281,28.956083297729492,35.989051818847656,82.8414306640625,29.64231300354004,56.56431198120117,121.64814758300781
2019-02-26,41.54015350341797,105.11019134521484,3.8946127891540527,86.40013122558594,168.10092163085938,111.3165283203125,28.915748596191406,35.78884506225586,83.0577392578125,29.513723373413086,56.67959213256836,118.69746398925781
2019-02-27,41.668827056884766,104.93241882324219,3.8527159690856934,86.29344177246094,168.10092163085938,111.12024688720703,28.85525894165039,35.989051818847656,82.29230499267578,29.340267181396484,57.26325225830078,120.07388305664062
2019-02-28,41.258975982666016,104.80144500732422,3.8281476497650146,85.63697814941406,166.9129180908203,111.74996948242188,29.137563705444336,36.30937576293945,81.99278259277344,29.603439331054688,56.946189880371094,118.14686584472656
2019-03-01,41.692665100097656,105.26921844482422,3.882495403289795,85.69439697265625,168.18577575683594,113.14849853515625,29.14427947998047,36.3414192199707,81.90127563476562,29.286439895629883,57.64512634277344,118.25872802734375
2019-03-04,41.90233612060547,105.0166244506836,3.8906850814819336,85.49746704101562,166.30194091796875,113.25481414794922,28.94936180114746,36.55763626098633,82.25900268554688,29.26251792907715,57.868507385253906,119.01573181152344
2019-03-05,41.82609558105469,104.49274444580078,3.884232521057129,85.43180847167969,166.31893920898438,113.49195098876953,28.8283748626709,36.51759719848633,82.44206237792969,29.409048080444336,57.78205871582031,117.97484588623047
2019-03-06,41.58544158935547,104.5395278930664,3.7733044624328613,85.11178588867188,165.24974060058594,113.75369262695312,28.136058807373047,36.39746856689453,82.30894470214844,29.385128021240234,57.12633514404297,115.98768615722656
2019-03-07,41.104095458984375,103.26727294921875,3.704066753387451,84.496337890625,163.5780792236328,113.0584945678711,27.820152282714844,36.26133346557617,81.99278259277344,29.142887115478516,57.76043701171875,114.24137115478516
2019-03-08,41.20178985595703,103.3795394897461,3.7383131980895996,84.52918243408203,165.6740264892578,112.91130065917969,27.48408317565918,35.90896987915039,81.87632751464844,29.184755325317383,56.931793212890625,112.99402618408203
2019-03-11,42.629119873046875,105.54984283447266,3.9988842010498047,85.6287612915039,166.29347229003906,113.32019805908203,27.89409065246582,36.9820671081543,82.84973907470703,29.45092010498047,57.48660659790039,114.50802612304688
2019-03-12,43.10806655883789,106.28886413574219,4.033130168914795,85.37439727783203,166.853515625,113.8272933959961,28.048683166503906,36.87796401977539,83.24076843261719,29.41802978515625,57.64512634277344,113.9660873413086
2019-03-13,43.29869842529297,107.11212158203125,4.18450927734375,85.66158294677734,167.37965393066406,114.01539611816406,28.23687744140625,37.01411056518555,84.1809310913086,29.61540412902832,58.156742095947266,114.8435287475586
2019-03-14,43.78002166748047,107.19627380371094,4.108570575714111,86.4411392211914,167.5663299560547,112.87862396240234,27.68572425842285,36.91716766357422,84.29740905761719,29.53120994567871,57.96221160888672,115.00699615478516
2019-03-15,44.34952163696289,108.43111419677734,4.214040756225586,87.43407440185547,168.23667907714844,112.53512573242188,28.082294464111328,36.59403991699219,85.22923278808594,29.59134864807129,57.75322341918945,114.1295166015625
2019-03-18,44.802268981933594,109.98400115966797,4.1926984786987305,87.95926666259766,171.8091583251953,112.18343353271484,28.10245704650879,36.682891845703125,84.45545959472656,29.964174270629883,58.42335510253906,115.3597183227539
2019-03-19,44.447235107421875,110.058837890625,4.3604559898376465,87.63922119140625,170.66354370117188,113.22209930419922,28.431804656982422,36.8040771484375,84.77995300292969,30.021303176879883,58.272037506103516,115.40266418457031
2019-03-20,44.835628509521484,109.93721771240234,4.327947616577148,85.76827239990234,164.8933563232422,112.28157806396484,28.34442710876465,36.77983093261719,84.63020324707031,29.657499313354492,58.5963020324707,114.4220199584961
2019-03-21,46.486934661865234,112.4630355834961,4.564693450927734,84.4142837524414,165.11395263671875,112.94404602050781,28.46541404724121,36.763675689697266,85.27083587646484,29.783769607543945,58.934967041015625,115.32530212402344
2019-03-22,45.52427291870117,109.49754333496094,4.404877185821533,81.86225891113281,160.34507751464844,111.9708023071289,28.129343032836914,37.102962493896484,84.58028411865234,29.549251556396484,57.991024017333984,111.63480377197266
2019-03-25,44.97383499145508,110.06817626953125,4.312561511993408,81.18115234375,159.96316528320312,111.72542572021484,28.156225204467773,37.18374252319336,84.82987976074219,29.516185760498047,57.58749771118164,113.01981353759766
2019-03-26,44.50917434692383,110.30206298828125,4.389241695404053,81.99354553222656,161.81304931640625,113.32839965820312,28.512468338012695,37.6765022277832,85.71177673339844,29.561281204223633,58.33687973022461,113.41548919677734
2019-03-27,44.90949249267578,109.23562622070312,4.380061149597168,81.71454620361328,161.25302124023438,113.43473815917969,28.243608474731445,37.652278900146484,85.6119384765625,29.227540969848633,57.89012908935547,112.86497497558594
2019-03-28,44.96906661987305,109.38530731201172,4.398672580718994,82.6418228149414,162.2288360595703,113.58192443847656,28.42508316040039,37.628047943115234,86.1527328491211,29.203493118286133,58.1783561706543,113.8714370727539
2019-03-29,45.26215744018555,110.33013916015625,4.455997467041016,83.06851196289062,162.91616821289062,114.32616424560547,28.54608154296875,37.85423278808594,86.56875610351562,29.32375144958496,58.221595764160156,116.55545043945312
2019-04-01,45.56954574584961,111.3404541015625,4.523499488830566,85.86674499511719,166.9468536376953,113.66373443603516,28.794761657714844,37.74113082885742,86.22762298583984,29.41094398498535,58.89173126220703,120.65023040771484
2019-04-02,46.231990814208984,111.49946594238281,4.541366100311279,86.27703094482422,167.591796875,112.62506103515625,28.841812133789062,37.61996078491211,86.31912994384766,29.146364212036133,58.639503479003906,120.59862518310547
2019-04-03,46.54888916015625,112.2291488647461,4.680831432342529,86.4493408203125,170.44293212890625,112.18343353271484,28.794761657714844,37.30491638183594,86.26923370361328,29.221532821655273,58.29365158081055,119.7985610961914
2019-04-04,46.629905700683594,111.65850067138672,4.671900272369385,87.28449249267578,171.60549926757812,110.87487030029297,28.727561950683594,37.54726791381836,86.05293273925781,29.498136520385742,59.122310638427734,120.54700469970703
2019-04-05,46.94206237792969,112.154296875,4.738654613494873,87.07777404785156,171.73281860351562,111.37372589111328,28.89558982849121,37.53919219970703,86.23595428466797,29.714624404907227,59.43935775756836,120.744873046875
2019-04-08,47.68074035644531,112.19171905517578,4.759500503540039,87.3589096069336,171.86854553222656,111.34105682373047,28.996416091918945,37.603797912597656,87.33418273925781,29.834888458251953,59.80682373046875,120.28033447265625
2019-04-09,47.53778076171875,111.58364868164062,4.696714401245117,86.71397399902344,170.23927307128906,110.87487030029297,28.794761657714844,37.70073318481445,87.07624816894531,29.672527313232422,59.035823822021484,117.29525756835938
2019-04-10,47.80464553833008,112.4349365234375,4.76719331741333,87.10258483886719,172.24195861816406,110.88306427001953,28.7208309173584,37.6765022277832,87.06793975830078,29.946125030517578,58.76921844482422,118.31035614013672
2019-04-11,47.40671157836914,112.56590270996094,4.753296375274658,87.83851623535156,172.11468505859375,110.5804672241211,28.411636352539062,37.73305892944336,87.151123046875,30.306915283203125,59.050254821777344,119.46308135986328
2019-04-12,47.38765335083008,113.14591217041016,4.715327262878418,91.95631408691406,176.36595153808594,111.21018981933594,28.03523826599121,37.757293701171875,87.40904998779297,30.535425186157227,58.30805969238281,121.46747589111328
2019-04-15,47.47343444824219,113.23946380615234,4.583552837371826,90.90620422363281,169.6368865966797,111.65181732177734,28.290658950805664,37.96732711791992,87.96648406982422,30.797014236450195,58.1135139465332,120.65023040771484
2019-04-16,47.478206634521484,112.9775161743164,4.670656681060791,91.86537170410156,171.2745361328125,112.87862396240234,27.504241943359375,37.92692947387695,88.54057312011719,30.94733428955078,58.50981140136719,122.18143463134766
2019-04-17,48.40275192260742,113.9129867553711,4.647827625274658,94.51136016845703,176.41685485839844,113.28750610351562,26.805208206176758,38.193504333496094,88.68804168701172,31.016490936279297,58.67555236816406,122.79226684570312
2019-04-18,48.576690673828125,115.4097671508789,4.623258590698242,93.8167724609375,174.72825622558594,112.46967315673828,26.469139099121094,38.35508346557617,88.85559844970703,31.02251434326172,58.45937728881836,124.07315826416016
2019-04-22,48.73634719848633,115.77458953857422,4.6771111488342285,93.93254089355469,173.61656188964844,112.72318267822266,26.200279235839844,38.29045104980469,88.82209014892578,30.77897071838379,59.734771728515625,123.22498321533203
2019-04-23,49.43928146362305,117.34620666503906,4.731705665588379,94.04830932617188,173.2262725830078,114.4161376953125,26.49602508544922,38.94477462768555,86.43415069580078,30.989437103271484,60.08064651489258,122.92207336425781
2019-04-24,49.363037109375,116.94393920898438,4.744114398956299,93.8912124633789,170.17140197753906,113.84363555908203,26.462413787841797,38.75897979736328,86.87824249267578,31.127735137939453,58.91333770751953,119.2005386352539
2019-04-25,48.91505813598633,120.81683349609375,4.638397216796875,93.94080352783203,170.90118408203125,114.21165466308594,26.623735427856445,38.64588928222656,86.53472900390625,31.124723434448242,59.244789123535156,117.8158187866211
2019-04-26,48.681541442871094,121.50909423828125,4.4195170402526855,94.65191650390625,172.3267822265625,114.81688690185547,26.86570930480957,38.98517990112305,88.6964111328125,30.526409149169922,57.99820327758789,120.3256607055664
2019-04-29,48.75541687011719,121.39682006835938,4.450290203094482,96.01624298095703,175.58529663085938,114.36705017089844,26.610292434692383,39.114410400390625,87.79150390625,30.535425186157227,57.623538970947266,120.31702423095703
2019-04-30,47.81656265258789,122.17326354980469,4.491733551025391,95.95838928222656,174.73670959472656,115.47933959960938,27.295879364013672,39.63142395019531,89.21588897705078,30.92028045654297,57.846900939941406,120.66319274902344
2019-05-01,50.163665771484375,119.62876892089844,4.478581428527832,95.22245788574219,173.72689819335938,116.09271240234375,27.403425216674805,39.251747131347656,87.91717529296875,30.47529411315918,56.68680191040039,119.56407928466797
2019-05-02,49.837223052978516,118.06653594970703,4.546080589294434,95.42916107177734,173.94754028320312,115.54476928710938,27.564739227294922,39.09019088745117,88.44503784179688,30.412160873413086,55.69242477416992,116.9849853515625
2019-05-03,50.45676803588867,120.58294677734375,4.5416131019592285,96.01624298095703,176.0944061279297,116.14177703857422,27.820152282714844,39.356773376464844,88.88072967529297,30.691770553588867,55.82212829589844,120.35163879394531
2019-05-06,49.677574157714844,119.88134002685547,4.463195323944092,95.16456604003906,175.16946411132812,116.20719909667969,27.994909286499023,39.15481948852539,88.54560089111328,30.806028366088867,55.577117919921875,118.3610610961914
2019-05-07,48.338409423828125,117.4210205078125,4.295933723449707,93.61007690429688,171.94491577148438,114.47339630126953,27.443754196166992,38.77513122558594,87.72447204589844,30.45725440979004,55.28169631958008,115.68678283691406
2019-05-08,48.34794235229492,117.41167449951172,4.316033840179443,93.11395263671875,170.5193634033203,114.32616424560547,27.524412155151367,38.65396499633789,88.03447723388672,30.156604766845703,55.3681640625,114.19818115234375
2019-05-09,47.828495025634766,117.40235137939453,4.223470687866211,93.0395278930664,171.0963897705078,113.45924377441406,27.558317184448242,38.29045104980469,87.33905792236328,30.087068557739258,55.317710876464844,113.54906463623047
2019-05-10,47.16590118408203,118.92716217041016,4.18947172164917,93.03125,171.45272827148438,113.72096252441406,27.612560272216797,38.92862319946289,88.82209014892578,30.803434371948242,55.798736572265625,113.67024993896484
2019-05-13,44.424625396728516,115.39106750488281,3.9321281909942627,90.50102996826172,165.4449005126953,112.20794677734375,27.510845184326172,38.8155403137207,88.90586853027344,30.192855834960938,55.17924118041992,108.44283294677734
2019-05-14,45.12788772583008,116.6820068359375,4.021216869354248,91.22040557861328,166.5565643310547,111.8971939086914,27.571868896484375,39.33253479003906,88.47857666015625,30.31376838684082,55.25211715698242,110.3208999633789
2019-05-15,45.66850280761719,118.32514953613281,3.960170269012451,90.87311553955078,166.6583709716797,111.9708023071289,27.90414047241211,39.72835922241211,89.40020751953125,30.18984031677246,55.6602783203125,110.17378997802734
2019-05-16,45.467567443847656,121.05746459960938,3.9753081798553467,92.03900909423828,168.98342895507812,113.03399658203125,28.23642921447754,40.05148696899414,90.58159637451172,30.62207794189453,55.652984619140625,109.57659149169922
2019-05-17,45.20922088623047,120.24998474121094,3.8844809532165527,91.59249114990234,167.53237915039062,113.36113739013672,28.12114143371582,39.744529724121094,90.02860260009766,30.486059188842773,55.32501983642578,106.24455261230469
2019-05-20,43.795528411865234,118.5129165649414,3.765860080718994,92.07209014892578,167.37118530273438,113.20574951171875,28.202510833740234,39.46177291870117,89.92808532714844,30.685548782348633,55.317726135253906,105.95896911621094
2019-05-21,44.6351318359375,119.15142822265625,3.84800124168396,92.38630676269531,168.9580078125,112.96036529541016,28.256763458251953,39.25983428955078,89.12371826171875,30.564645767211914,55.57281494140625,108.13993835449219
2019-05-22,43.72138977050781,119.87440490722656,3.777027130126953,91.63385009765625,165.91160583496094,113.48377227783203,28.47376251220703,40.108036041259766,89.41698455810547,30.900157928466797,55.06993103027344,106.93693542480469
2019-05-23,42.97507095336914,118.47538757324219,3.655923843383789,89.83124542236328,162.89923095703125,114.32616424560547,28.426294326782227,40.26959228515625,89.45046997070312,30.788312911987305,53.779903411865234,105.81180572509766
2019-05-24,42.81001663208008,118.53175354003906,3.6020727157592773,90.71601867675781,163.7732391357422,114.33441925048828,28.446640014648438,40.07572555541992,89.3918228149414,31.033143997192383,54.00584411621094,106.3656997680664
2019-05-28,42.63300704956055,118.45661926269531,3.5569069385528564,89.73204803466797,160.75234985351562,112.86871337890625,28.41272735595703,39.663734436035156,87.52339172363281,30.95758056640625,52.919891357421875,105.23194885253906
2019-05-29,42.429683685302734,117.31112670898438,3.4827077388763428,89.48400115966797,160.2920379638672,108.14214324951172,28.290668487548828,39.267913818359375,87.29716491699219,30.866907119750977,52.59191131591797,105.13675689697266
2019-05-30,42.649742126464844,118.05286407470703,3.456123113632202,88.5248031616211,159.71241760253906,108.78443145751953,28.41272735595703,39.784912109375,88.25233459472656,30.888057708740234,52.45344161987305,105.44829559326172
2019-05-31,41.877132415771484,116.12802124023438,3.3654403686523438,87.6152572631836,155.55276489257812,107.99392700195312,28.155040740966797,39.6879768371582,86.22471618652344,30.66136360168457,51.578857421875,103.69145202636719
2019-06-03,41.453739166259766,112.52249145507812,3.323702096939087,88.02867889404297,156.14939880371094,108.23274230957031,28.426294326782227,40.37460708618164,86.97041320800781,30.81854248046875,52.387840270996094,104.41842651367188
2019-06-04,42.97028732299805,115.63977813720703,3.5527684688568115,90.74081420898438,161.85189819335938,110.11839294433594,28.63650131225586,40.39077377319336,87.70773315429688,30.999900817871094,53.63413619995117,105.65601348876953
2019-06-05,43.66397476196289,118.14677429199219,3.510035514831543,91.06329345703125,160.62451171875,110.65363311767578,28.806032180786133,41.0208625793457,89.42535400390625,31.56211280822754,53.18955993652344,106.55612182617188
2019-06-06,44.30503845214844,120.01526641845703,3.5721471309661865,91.26173400878906,161.7922821044922,112.54751586914062,28.96200180053711,41.52171325683594,89.96995544433594,31.770681381225586,54.15888977050781,106.78980255126953
2019-06-07,45.48429489135742,123.37662506103516,3.614879846572876,90.26123809814453,161.7922821044922,114.08735656738281,29.104402542114258,41.594417572021484,91.13459014892578,32.05781173706055,54.35565948486328,107.71585083007812
2019-06-10,46.06555938720703,124.5033950805664,3.687673807144165,91.23694610595703,165.46604919433594,114.47440338134766,29.206119537353516,41.50556182861328,91.09268188476562,32.49911117553711,54.596195220947266,108.82365417480469
2019-06-11,46.59897994995117,124.03390502929688,3.7453134059906006,91.51808166503906,165.98599243164062,115.10021209716797,28.934871673583984,41.46516036987305,91.64569091796875,32.62607192993164,54.545162200927734,110.1564712524414
2019-06-12,46.45068359375,123.46115112304688,3.6322708129882812,90.35218048095703,162.14178466796875,116.66471099853516,29.212900161743164,41.71558380126953,91.89704895019531,32.892059326171875,53.95481872558594,110.00066375732422
2019-06-13,46.44111251831055,124.24052429199219,3.6834499835968018,90.575439453125,163.1902313232422,115.86599731445312,28.819597244262695,41.62603759765625,92.92762756347656,32.84066390991211,54.428550720214844,110.06127166748047
2019-06-14,46.10383605957031,124.3625259399414,3.5935139656066895,90.80697631835938,163.36917114257812,115.35545349121094,28.99589729309082,41.772579193115234,93.17060852050781,32.967613220214844,54.188045501708984,110.1131820678711
2019-06-17,46.3789176940918,124.73811340332031,3.6032023429870605,90.31085968017578,162.66172790527344,114.82022094726562,29.077272415161133,41.41435623168945,92.99464416503906,32.99482345581055,54.72735595703125,110.19109344482422
2019-06-18,47.469661712646484,126.90706634521484,3.798232316970825,91.54286193847656,166.19915771484375,115.47077941894531,29.206119537353516,41.22711944580078,91.83003234863281,33.14293670654297,55.20111846923828,112.79613494873047
2019-06-19,47.33094787597656,127.4046859741211,3.8041951656341553,90.88140106201172,166.76173400878906,115.65188598632812,29.497709274291992,41.61788558959961,92.51707458496094,33.13386154174805,54.894989013671875,113.0384521484375
2019-06-20,47.711273193359375,128.5877685546875,3.828542709350586,91.11292266845703,166.81280517578125,117.10114288330078,29.565509796142578,42.057518005371094,93.62306213378906,33.34544372558594,55.835182189941406,115.65214538574219
2019-06-21,47.54862594604492,128.60653686523438,3.7704062461853027,90.49275207519531,167.01747131347656,117.00235748291016,29.61298370361328,41.96796798706055,93.17060852050781,33.59027099609375,56.6223258972168,115.87715148925781
2019-06-24,47.50078201293945,129.36709594726562,3.7927656173706055,89.84780883789062,168.3385772705078,117.8010482788086,29.67401885986328,42.26918411254883,94.11739349365234,33.62352752685547,56.08298110961914,116.29261016845703
2019-06-25,46.7807731628418,125.28269958496094,3.7634494304656982,89.10360717773438,167.1197052001953,118.77271270751953,29.67401885986328,42.13893127441406,93.60629272460938,33.46634292602539,55.5873908996582,115.72145080566406
2019-06-26,47.79261016845703,125.75213623046875,3.956740140914917,89.698974609375,167.92947387695312,116.80469512939453,29.151866912841797,41.61788558959961,91.93894958496094,33.29708480834961,55.8278923034668,116.9676742553711
2019-06-27,47.778263092041016,125.958740234375,4.055373191833496,89.99662017822266,169.8984832763672,115.84951782226562,29.450237274169922,41.5853385925293,91.9808349609375,33.278953552246094,55.25941848754883,117.27058410644531
2019-06-28,47.34291076660156,125.78038024902344,4.08021879196167,92.44417572021484,174.3991241455078,114.68848419189453,29.37564468383789,41.455055236816406,91.87191009521484,33.39683532714844,55.84977340698242,117.95429229736328
2019-07-01,48.211212158203125,127.3952865600586,4.128416061401367,93.99869537353516,176.3255157470703,114.75434875488281,29.680795669555664,42.008670806884766,92.57571411132812,33.436134338378906,55.798736572265625,118.22261810302734
2019-07-02,48.49347686767578,128.24034118652344,4.030529022216797,94.09790802001953,175.57542419433594,115.30607604980469,29.985944747924805,42.31803512573242,93.40520477294922,33.73234176635742,55.186527252197266,117.5735092163086
2019-07-03,48.89532470703125,129.06663513183594,4.043447971343994,93.94803619384766,175.6265411376953,117.04353332519531,30.10799789428711,42.415733337402344,95.58365631103516,33.949954986572266,55.71126937866211,117.34846496582031
2019-07-05,48.85226821899414,128.69105529785156,3.980839252471924,94.50596618652344,177.2119903564453,115.75071716308594,29.782506942749023,42.42387390136719,94.80442810058594,33.84720230102539,55.485347747802734,117.26192474365234
2019-07-08,47.84523010253906,128.59718322753906,3.9058094024658203,93.98966979980469,175.37936401367188,116.080078125,29.36207389831543,42.33431625366211,95.5584945678711,34.07087707519531,55.740447998046875,116.69939422607422
2019-07-09,48.13705062866211,128.127685546875,3.9082937240600586,94.38937377929688,177.10122680664062,116.44245147705078,29.409549713134766,42.00053024291992,94.60336303710938,34.119232177734375,55.70399856567383,116.22337341308594
2019-07-10,48.613067626953125,129.43284606933594,3.976616144180298,94.11457824707031,175.56690979003906,116.27772521972656,29.877439498901367,42.187782287597656,95.30716705322266,34.14945602416992,56.49113082885742,114.79537200927734
2019-07-11,48.25905990600586,129.94924926757812,4.131149768829346,95.01392364501953,180.15277099609375,115.37194061279297,29.145090103149414,42.366886138916016,95.83501434326172,34.43358612060547,56.53485870361328,115.93780517578125
2019-07-12,48.62981033325195,130.4186553955078,4.1641926765441895,96.01318359375,182.3604278564453,110.58775329589844,28.751785278320312,42.432010650634766,96.34609985351562,34.639129638671875,56.57859802246094,119.74581146240234
2019-07-15,49.08668899536133,130.4186553955078,4.155745983123779,94.84738159179688,180.3488006591797,110.92535400390625,28.9891300201416,42.44015121459961,96.75667572021484,34.753990173339844,56.17774200439453,120.85363006591797
2019-07-16,48.9168586730957,128.70980834960938,4.151023864746094,95.86329650878906,183.7071990966797,109.1055908203125,29.056936264038086,42.44829177856445,97.10017395019531,34.68748474121094,55.3395881652832,120.37757110595703
2019-07-17,48.64176559448242,127.94927978515625,4.216366291046143,94.92233276367188,181.81494140625,108.57855987548828,28.982349395751953,42.48086166381836,97.14209747314453,34.639129638671875,55.011619567871094,117.46961212158203
2019-07-18,49.194339752197266,128.0901336669922,4.228043556213379,95.48857116699219,182.85487365722656,108.75151062011719,29.199337005615234,42.358741760253906,97.34954833984375,34.67539978027344,54.545162200927734,116.74268341064453
2019-07-19,48.4599723815918,128.2779083251953,4.184812545776367,94.54759216308594,182.00245666503906,107.30223083496094,29.002683639526367,41.83770751953125,96.9869384765625,34.42755126953125,54.65449142456055,118.80955505371094
2019-07-22,49.567481994628906,129.97743225097656,4.256364345550537,95.15547943115234,182.41162109375,105.92708587646484,29.036584854125977,41.699302673339844,97.23148345947266,34.10110855102539,54.71278762817383,117.94618225097656
2019-07-23,49.95499801635742,130.78485107421875,4.364191055297852,96.8958511352539,187.0400848388672,106.0917739868164,29.21967315673828,44.23122024536133,96.00869750976562,33.880455017089844,54.93146514892578,120.44044494628906
2019-07-24,49.91432571411133,132.12759399414062,4.438724517822266,97.28723907470703,189.2562713623047,106.8658218383789,29.084056854248047,43.78346252441406,94.95458221435547,33.85324478149414,54.924163818359375,115.0420150756836
2019-07-25,49.5196533203125,131.62989807128906,4.307544708251953,96.35460662841797,187.50888061523438,107.96923065185547,28.934871673583984,43.20541763305664,95.09795379638672,33.91975021362305,54.610755920410156,117.48394775390625
2019-07-26,49.69186019897461,132.70970153808594,4.349533557891846,96.7792739868164,189.3500518798828,107.6480941772461,29.21967315673828,44.10095977783203,96.75080108642578,34.16155242919922,54.5233039855957,115.92288208007812
2019-07-29,50.15591812133789,132.41859436035156,4.343321800231934,96.47120666503906,187.79869079589844,109.53374481201172,28.107585906982422,43.95441818237305,97.82176971435547,33.93486404418945,54.90957260131836,117.26593780517578
2019-07-30,49.94064712524414,131.78013610839844,4.358973026275635,96.2546615600586,188.71923828125,108.75971984863281,26.303810119628906,43.73461151123047,101.54071044921875,33.87138366699219,54.916866302490234,115.94900512695312
2019-07-31,50.95963668823242,127.94927978515625,4.191769599914551,96.59608459472656,187.63673400878906,107.22814178466797,26.33772087097168,42.84722137451172,99.54209899902344,33.36357116699219,54.19533157348633,114.83271026611328
2019-08-01,49.85691452026367,129.6300048828125,4.097362041473389,94.04795837402344,180.36585998535156,107.28577423095703,26.180295944213867,42.358741760253906,98.43737030029297,33.06131362915039,52.810569763183594,110.57671356201172
2019-08-02,48.802040100097656,128.54083251953125,4.004690170288086,94.03962707519531,178.46499633789062,107.92804718017578,26.009183883666992,42.60297393798828,98.19283294677734,33.06736373901367,52.29311752319336,108.61442565917969
2019-08-05,46.24735641479492,124.13719940185547,3.746307373046875,91.2416763305664,171.91009521484375,107.17874908447266,25.297351837158203,42.04937744140625,95.359375,31.985275268554688,51.221736907958984,106.09398651123047
2019-08-06,47.122833251953125,126.46575927734375,3.7850654125213623,91.95782470703125,175.60101318359375,107.6810073852539,25.290508270263672,42.55412673950195,96.3713150024414,32.423553466796875,51.71733093261719,106.46902465820312
2019-08-07,47.61079788208008,127.01972198486328,3.82332444190979,89.95927429199219,175.37086486816406,107.21990203857422,25.037263870239258,43.29497528076172,97.4169921875,32.704654693603516,51.382076263427734,105.33525848388672
2019-08-08,48.6609001159668,130.40931701660156,3.931896448135376,91.48316192626953,176.44483947753906,108.43034362792969,25.23575210571289,43.71018981933594,99.03611755371094,32.96283721923828,52.75226593017578,106.41669464111328
2019-08-09,48.259918212890625,129.30136108398438,3.8305304050445557,91.38323211669922,176.359619140625,108.72679138183594,24.879837036132812,43.490379333496094,98.47953033447266,32.5861930847168,51.62987518310547,104.1142807006836
2019-08-12,48.13747024536133,127.49855041503906,3.762704372406006,89.66783142089844,171.7737274169922,108.63618469238281,24.222761154174805,43.31126403808594,97.84708404541016,31.96046257019043,51.37900161743164,101.79441833496094
2019-08-13,50.176002502441406,130.1370391845703,3.8769896030426025,91.0501480102539,173.9814453125,109.86311340332031,24.09272003173828,43.55550003051758,98.87586975097656,32.625675201416016,52.013580322265625,103.79161071777344
2019-08-14,48.68252182006836,126.21800994873047,3.728419303894043,87.26956939697266,166.69349670410156,107.26107788085938,23.435638427734375,43.140296936035156,97.64468383789062,32.258140563964844,49.91797637939453,100.47750854492188
2019-08-15,48.44000244140625,125.93539428710938,3.6961207389831543,87.60266876220703,167.22198486328125,107.49161529541016,23.599910736083984,43.85672378540039,98.99395751953125,34.22946548461914,49.62281799316406,100.51242065429688
2019-08-16,49.58292770385742,128.24346923828125,3.96419358253479,89.70113372802734,169.98374938964844,108.1668701171875,23.716266632080078,44.296348571777344,100.50342559814453,34.32059860229492,50.39760208129883,101.54150390625
2019-08-19,50.50736999511719,130.391357421875,4.242947578430176,90.50887298583984,172.35337829589844,108.89968872070312,24.079025268554688,44.52431106567383,101.3973159790039,34.56967544555664,51.24616622924805,102.35260009765625
2019-08-20,50.50977325439453,129.3079833984375,4.170650959014893,89.35971069335938,170.46109008789062,107.54102325439453,23.688892364501953,43.8648681640625,100.26732635498047,34.035072326660156,50.93626403808594,101.75082397460938
2019-08-21,51.057212829589844,130.7493438720703,4.254129409790039,89.6095199584961,171.05775451660156,108.30685424804688,23.866844177246094,44.04397201538086,100.52031707763672,34.025970458984375,51.445404052734375,102.63168334960938
2019-08-22,51.01399612426758,129.79786682128906,4.260342121124268,90.53386688232422,172.5408935546875,108.09275817871094,24.01058006286621,44.36148452758789,100.70584106445312,33.9925537109375,51.334712982177734,102.81480407714844
2019-08-23,48.656105041503906,125.66222381591797,4.035747528076172,88.28550720214844,167.2390594482422,105.17778015136719,23.504091262817383,43.750892639160156,98.93490600585938,33.664493560791016,49.7999153137207,99.47456359863281
2019-08-26,49.580535888671875,127.60289764404297,4.110528945922852,88.99331665039062,170.17977905273438,106.02398681640625,23.8463134765625,44.402191162109375,100.62149810791016,34.016841888427734,50.06556701660156,99.78852844238281
2019-08-27,49.02108383178711,127.87606811523438,4.019845485687256,88.05232238769531,168.83299255371094,107.55047607421875,23.504091262817383,44.54873275756836,101.65874481201172,34.14745330810547,49.578548431396484,98.88153076171875
2019-08-28,49.35001754760742,127.70647430419922,4.009400844573975,88.93502807617188,170.8361358642578,106.7540054321289,24.01058006286621,44.866241455078125,102.37556457519531,34.238590240478516,49.940120697021484,100.17227935791016
2019-08-29,50.18561553955078,130.1181640625,4.153143882751465,90.95022583007812,174.49867248535156,106.3890151977539,24.181697845458984,44.817386627197266,102.19002532958984,34.65168762207031,50.493526458740234,102.71015167236328
2019-08-30,50.120792388916016,129.87326049804688,4.165826797485352,91.48316192626953,174.90182495117188,106.4885482788086,24.332275390625,44.80924987792969,101.388916015625,34.706356048583984,50.53042984008789,103.7828598022461
2019-09-03,49.39083480834961,128.15869140625,4.082763195037842,90.40062713623047,170.66458129882812,106.80381774902344,24.722414016723633,45.02092742919922,102.34182739257812,34.82179260253906,50.58945083618164,102.0647964477539
2019-09-04,50.22882843017578,129.65655517578125,4.19691276550293,91.49150085449219,173.0319366455078,106.90335083007812,24.5239200592041,45.40355682373047,103.90191650390625,35.20755386352539,51.12810516357422,103.87008666992188
2019-09-05,51.21088790893555,131.93637084960938,4.469977855682373,93.57328033447266,177.5950927734375,106.67107391357422,24.872989654541016,44.87438201904297,103.52244567871094,35.064781188964844,51.85124206542969,107.26265716552734
2019-09-06,51.20607376098633,131.04141235351562,4.442869663238525,93.77315521240234,177.7323455810547,106.36409759521484,24.98250389099121,44.96393585205078,103.61520385742188,34.84912109375,52.338253021240234,107.00971984863281
2019-09-09,51.42457580566406,129.5529327392578,4.488876819610596,96.0964584350586,181.82379150390625,105.31880187988281,25.208372116088867,44.38591384887695,103.02489471435547,35.335121154785156,52.75144958496094,110.9779052734375
2019-09-10,52.03206253051758,128.19638061523438,4.555527210235596,97.32057189941406,184.95452880859375,107.47579956054688,25.584827423095703,44.2882080078125,101.09375,35.25007247924805,53.179443359375,113.62918090820312
2019-09-11,53.68642807006836,128.2340087890625,4.584125518798828,97.5870361328125,185.95806884765625,108.81975555419922,25.60535430908203,44.58944320678711,102.26591491699219,35.240970611572266,53.07612991333008,116.07109832763672
2019-09-12,53.566375732421875,129.5529327392578,4.582632541656494,98.18660736083984,187.6221160888672,108.2058334350586,25.516368865966797,44.866241455078125,103.5308609008789,35.51433181762695,53.113033294677734,114.90245056152344
2019-09-13,52.52429962158203,129.36451721191406,4.524688720703125,100.11851501464844,188.61709594726562,108.49620056152344,25.263134002685547,44.4972038269043,102.98273468017578,35.669246673583984,53.600032806396484,116.67288208007812
2019-09-16,52.8004264831543,128.431884765625,4.481664657592773,99.22752380371094,186.31837463378906,107.46747589111328,25.208372116088867,44.25117492675781,100.98413848876953,35.104270935058594,54.404335021972656,116.1234359741211
2019-09-17,52.99251174926758,129.4304656982422,4.503053188323975,98.73619079589844,185.1947021484375,107.57534790039062,24.98250389099121,44.480804443359375,102.17314910888672,35.38980484008789,53.991111755371094,115.26876831054688
2019-09-18,53.48953628540039,130.4949951171875,4.475944519042969,99.72713470458984,186.19827270507812,108.18924713134766,24.900371551513672,44.47259521484375,102.38398742675781,35.58722686767578,53.73284912109375,114.30941009521484
2019-09-19,53.05494689941406,132.8972930908203,4.4003424644470215,99.41070556640625,184.61141967773438,107.94039916992188,24.989349365234375,44.710426330566406,102.79719543457031,35.57204055786133,53.37129211425781,113.48089599609375
2019-09-20,52.279380798339844,131.36170959472656,4.294649124145508,99.01097869873047,183.3334503173828,109.21796417236328,25.112546920776367,44.21018600463867,103.08392333984375,35.53255081176758,53.18681335449219,111.77154541015625
2019-09-23,52.51709747314453,131.07907104492188,4.348118305206299,98.99433898925781,183.09327697753906,109.29266357421875,24.804550170898438,44.3988037109375,103.91034698486328,35.72695541381836,53.22370910644531,111.99829864501953
2019-09-24,52.267372131347656,129.42108154296875,4.290671348571777,97.70360565185547,178.19557189941406,109.135009765625,24.64712142944336,44.53001403808594,104.23921203613281,35.96388244628906,52.493186950683594,109.87902069091797
2019-09-25,53.071739196777344,131.2863311767578,4.432424545288086,98.26154327392578,180.1511993408203,108.67041778564453,24.57183265686035,44.42340087890625,103.74170684814453,35.98514938354492,52.648155212402344,110.41976165771484
2019-09-26,52.79802703857422,131.4559326171875,4.4102911949157715,97.45379638671875,178.59866333007812,106.8950424194336,24.489694595336914,44.60380935668945,104.82952880859375,35.93351364135742,52.367759704589844,110.2278823852539
2019-09-27,52.541107177734375,129.7507781982422,4.271522045135498,98.02837371826172,179.24197387695312,106.68766784667969,24.790855407714844,44.53821563720703,105.04879760742188,35.979068756103516,52.74408721923828,110.40228271484375
2019-09-30,53.77766418457031,130.97544860839844,4.328968048095703,98.00341796875,177.74954223632812,107.33477020263672,24.59237289428711,44.64482116699219,104.8885498046875,36.04893493652344,52.10212326049805,110.15811157226562
2019-10-01,53.926551818847656,129.12901306152344,4.3272271156311035,96.22138214111328,173.85537719726562,107.8408203125,24.250137329101562,44.817039489746094,104.44161224365234,35.79682922363281,50.877227783203125,106.7219467163086
2019-10-02,52.57472229003906,126.84921264648438,4.303352355957031,94.30609893798828,170.04701232910156,109.50834655761719,23.750486373901367,43.529510498046875,102.105712890625,35.27133560180664,49.549041748046875,104.62010192871094
2019-10-03,53.021331787109375,128.38478088378906,4.5090227127075195,94.17180633544922,169.18067932128906,108.83634948730469,24.263832092285156,44.152774810791016,102.66227722167969,35.329044342041016,50.16148376464844,104.68988800048828
2019-10-04,54.50761795043945,130.1181640625,4.525435924530029,96.2115249633789,172.2342529296875,110.88545989990234,24.59237289428711,44.72682189941406,104.56808471679688,35.8909912109375,50.89199447631836,105.56201934814453
2019-10-07,54.51961135864258,129.1760711669922,4.584125518798828,96.00167846679688,171.8911590576172,110.4706802368164,24.5239200592041,44.17737579345703,103.58987426757812,35.60850524902344,50.190982818603516,104.8730239868164
2019-10-08,53.88090896606445,127.81013488769531,4.40755558013916,93.8612289428711,169.2921905517578,109.3755874633789,24.250137329101562,43.93955612182617,101.97919464111328,35.71480941772461,49.216983795166016,102.88456726074219
2019-10-09,54.51240921020508,130.23121643066406,4.4940996170043945,94.54113006591797,168.84617614746094,107.20201873779297,24.428098678588867,44.14456558227539,102.86463928222656,36.1248664855957,49.763031005859375,104.16663360595703
2019-10-10,55.24715805053711,131.04141235351562,4.55179500579834,95.86737823486328,171.4365234375,107.06927490234375,24.496545791625977,44.005157470703125,102.83094787597656,36.331417083740234,50.36071014404297,107.00102996826172
2019-10-11,56.71664047241211,131.5877685546875,4.6254096031188965,97.48741149902344,175.56228637695312,108.95247650146484,24.715564727783203,43.70992660522461,102.11412048339844,36.522789001464844,50.899383544921875,111.98085021972656
2019-10-14,56.63499069213867,131.46533203125,4.638837814331055,97.74763488769531,176.5400848388672,108.44642639160156,24.84561538696289,43.70992660522461,101.23709869384766,36.1977653503418,51.04694747924805,111.96338653564453
2019-10-15,56.502933502197266,133.3683624267578,4.883549690246582,100.69390106201172,177.08908081054688,110.20520782470703,24.98250389099121,43.88215255737305,98.83372497558594,36.3071174621582,51.22404098510742,114.27454376220703
2019-10-16,56.27482986450195,132.2755126953125,4.829832553863525,100.45886993408203,177.9124755859375,112.13816833496094,24.872989654541016,43.86574935913086,99.11201477050781,36.273719787597656,50.345943450927734,113.5419692993164
2019-10-17,56.49333190917969,131.59722900390625,4.831823348999023,101.02125549316406,177.08908081054688,112.96781158447266,24.95512580871582,44.11177444458008,98.9813232421875,36.401268005371094,50.2795524597168,115.18156433105469
2019-10-18,56.76466369628906,129.4493408203125,4.7373199462890625,101.19752502441406,177.14053344726562,105.9410171508789,24.95512580871582,44.923648834228516,99.69420623779297,36.18865966796875,49.888465881347656,114.8914794921875
2019-10-21,57.74911117553711,130.41018676757812,4.874598503112793,103.70732879638672,179.4821319580078,106.20648193359375,24.95512580871582,44.47259521484375,101.06058502197266,36.37091827392578,50.72227096557617,116.22753143310547
2019-10-22,57.61704635620117,128.46957397460938,4.864650249481201,104.74817657470703,179.78240966796875,107.18544006347656,24.93459129333496,44.160972595214844,103.69147491455078,36.322303771972656,50.980525970458984,117.51085662841797
2019-10-23,58.390201568603516,129.28919982910156,4.851718425750732,105.02519226074219,181.25765991210938,107.76615905761719,25.167306900024414,44.80883026123047,104.38739776611328,36.252437591552734,51.467533111572266,118.9611587524414
2019-10-24,58.48625183105469,131.83274841308594,4.8957366943359375,104.94967651367188,181.0260772705078,105.77509307861328,24.90721893310547,44.78423309326172,105.90654754638672,36.176509857177734,50.980525970458984,117.65149688720703
2019-10-25,59.20658493041992,132.57696533203125,5.086731910705566,105.78901672363281,183.75369262695312,106.48027038574219,25.167306900024414,44.07896423339844,104.59957122802734,36.15827941894531,51.098602294921875,122.81988525390625
2019-10-28,59.79966354370117,135.83651733398438,5.1426873207092285,106.19194030761719,186.77293395996094,107.16883087158203,25.516368865966797,43.93135452270508,104.79476165771484,36.21296310424805,50.64848327636719,123.10990905761719
2019-10-29,58.41661834716797,134.55532836914062,5.046443462371826,106.12479400634766,186.67855834960938,107.11905670166016,26.15291976928711,43.800140380859375,104.8966064453125,35.58420181274414,50.50090408325195,124.22627258300781
2019-10-30,58.40940475463867,136.23219299316406,5.048432350158691,105.53722381591797,185.10897827148438,110.20520782470703,26.337718963623047,44.23478698730469,106.0338363647461,35.872764587402344,49.969635009765625,123.35604095458984
2019-10-31,59.73002624511719,135.06405639648438,4.999192714691162,104.85729217529297,183.024658203125,109.54150390625,26.262432098388672,44.63661193847656,105.66889190673828,35.617610931396484,49.85894775390625,121.1234359741211
2019-11-01,61.42521667480469,135.39376831054688,5.038236618041992,107.27474975585938,186.46417236328125,108.84467315673828,26.276119232177734,44.20198440551758,105.1257553100586,35.72695541381836,51.35686111450195,127.00382232666016
2019-11-04,61.8286018371582,136.1756591796875,5.234950065612793,108.13094329833984,188.5913543701172,108.03990173339844,26.029720306396484,43.5787239074707,101.05209350585938,35.71177291870117,52.88427734375,129.13975524902344
2019-11-05,61.73976135253906,136.09091186523438,5.212817668914795,108.36597442626953,187.53634643554688,108.1975326538086,25.653270721435547,42.98826599121094,100.9078140258789,36.103614807128906,53.93207931518555,128.65631103515625
2019-11-06,61.76618194580078,135.71401977539062,5.163577079772949,108.53386688232422,187.34765625,108.64553833007812,25.74224853515625,43.299896240234375,102.11294555664062,36.29800796508789,52.75144958496094,127.88282012939453
2019-11-07,62.479026794433594,135.90248107910156,5.181232929229736,109.12144470214844,191.5247802734375,109.03544616699219,25.507287979125977,42.88166046142578,101.51885986328125,36.51974868774414,53.87305450439453,129.21884155273438
2019-11-08,62.650020599365234,137.50396728515625,5.167306900024414,109.44042205810547,191.1988983154297,110.33793640136719,25.604032516479492,42.8160514831543,101.58674621582031,36.2797737121582,52.849952697753906,130.22972106933594
2019-11-11,63.146148681640625,137.645263671875,5.177255153656006,109.05429077148438,187.87086486816406,109.49172973632812,25.521106719970703,42.51263427734375,101.27275085449219,36.15827941894531,52.52883529663086,130.08905029296875
2019-11-12,63.08834457397461,138.54965209960938,5.212817668914795,108.41632843017578,189.0545196533203,108.96912384033203,25.54874610900879,42.40601348876953,101.2218246459961,36.182579040527344,51.80445861816406,128.62994384765625
2019-11-13,63.69281768798828,138.77577209472656,5.186953544616699,107.84554290771484,188.1195831298828,108.9027328491211,25.293052673339844,42.980064392089844,102.39299011230469,36.74755096435547,51.378787994384766,127.00382232666016
2019-11-14,63.252113342285156,139.48233032226562,5.217293739318848,107.94628143310547,188.21397399902344,108.64553833007812,25.25849723815918,43.160491943359375,102.26568603515625,36.64731979370117,51.15475082397461,126.0809097290039
2019-11-15,64.00352478027344,141.2816619873047,5.0780253410339355,108.72692108154297,188.91729736328125,111.9473876953125,25.76297378540039,43.193275451660156,102.29965209960938,36.10663986206055,51.6700325012207,127.72459411621094
2019-11-18,64.32621002197266,141.6302490234375,5.279216766357422,109.6418685913086,188.4712677001953,111.85612487792969,25.721513748168945,43.48851013183594,103.44535064697266,36.52581787109375,51.169681549072266,126.21273803710938
2019-11-19,64.13114929199219,141.67735290527344,5.172529220581055,109.6082763671875,188.7371826171875,111.84780883789062,26.02558135986328,43.529510498046875,103.04647064208984,36.416465759277344,50.646942138671875,125.85236358642578
2019-11-20,63.384552001953125,141.43153381347656,5.251862525939941,108.81087493896484,186.91017150878906,112.77696990966797,25.604032516479492,43.64431381225586,103.78483581542969,36.18561553955078,50.80375289916992,124.39324951171875
2019-11-21,63.10038375854492,141.29922485351562,5.226993560791016,109.06266021728516,187.18466186523438,113.19178771972656,26.080869674682617,43.43110656738281,102.1299057006836,36.4073600769043,52.02848434448242,126.01060485839844
2019-11-22,63.04496765136719,141.4031982421875,5.244650840759277,109.78453826904297,188.94302368164062,114.54402160644531,26.488597869873047,43.48851013183594,102.08747863769531,36.2554817199707,51.80445861816406,126.46768951416016
2019-11-25,64.15040588378906,142.95346069335938,5.5012993812561035,110.37210845947266,191.0616455078125,114.59416961669922,26.730472564697266,43.64431381225586,102.27420043945312,36.121829986572266,51.46092987060547,128.7002716064453
2019-11-26,63.64947509765625,143.70968627929688,5.39660120010376,110.52322387695312,190.80430603027344,114.58583068847656,26.460954666137695,44.20198440551758,103.75936126708984,36.20384216308594,51.33397674560547,128.41018676757812
2019-11-27,64.5044174194336,143.9837646484375,5.431443214416504,110.8506088256836,191.2332000732422,115.07032012939453,26.695919036865234,44.242984771728516,103.3350601196289,36.073238372802734,51.30409622192383,128.05857849121094
2019-11-29,64.36234283447266,143.0952911376953,5.3941121101379395,110.59877014160156,190.93125915527344,114.8531265258789,26.61989974975586,44.11905288696289,103.58963775634766,36.17347717285156,50.87845230102539,127.21475219726562
2019-12-02,63.61817169189453,141.3653564453125,5.207703590393066,110.35536193847656,187.73110961914062,114.74454498291016,26.460954666137695,44.408226013183594,104.14976501464844,36.23117446899414,51.09500503540039,125.6590347290039
2019-12-03,62.48384475708008,141.13853454589844,5.168133735656738,108.936767578125,183.07327270507812,114.5774917602539,26.29509735107422,44.44953155517578,104.34494018554688,36.0458984375,50.691741943359375,123.10990905761719
2019-12-04,63.03536605834961,141.6489715576172,5.211935043334961,111.08563232421875,186.26473999023438,116.43196105957031,26.357290267944336,44.8543701171875,105.68585205078125,36.051963806152344,51.26676559448242,123.16264343261719
2019-12-05,63.96016311645508,141.72454833984375,5.19501256942749,111.68998718261719,187.29983520507812,116.58231353759766,26.281282424926758,44.77174758911133,105.76225280761719,36.20452117919922,51.087554931640625,123.98019409179688
2019-12-06,65.19562530517578,143.44500732421875,5.2803754806518555,113.35198211669922,193.74331665039062,117.26732635498047,26.460954666137695,44.96177291870117,105.39733123779297,36.54624557495117,51.908992767333984,125.44806671142578
2019-12-09,64.28287506103516,143.07630920410156,5.2803754806518555,112.82317352294922,191.32809448242188,117.36756896972656,26.481693267822266,44.672611236572266,105.97442626953125,36.41809844970703,52.02102279663086,125.54470825195312
2019-12-10,64.65857696533203,142.85894775390625,5.325422763824463,112.89871215820312,191.38844299316406,116.9415512084961,26.59225845336914,44.424747467041016,105.46519470214844,36.350982666015625,51.57294464111328,125.57986450195312
2019-12-11,65.21009063720703,143.39773559570312,5.409043788909912,112.63008880615234,190.79327392578125,117.76853942871094,26.412586212158203,44.57346725463867,105.79620361328125,36.308265686035156,51.49826431274414,126.5731430053711
2019-12-12,65.3762435913086,144.8534393310547,5.576536178588867,115.8533706665039,194.98541259765625,118.06924438476562,26.633724212646484,44.730438232421875,105.71983337402344,36.54014587402344,52.52883529663086,129.01669311523438
2019-12-13,66.26490783691406,146.0728302001953,5.574546813964844,114.83769989013672,194.07969665527344,118.10269165039062,26.488597869873047,44.96177291870117,106.48362731933594,36.701866149902344,51.699913024902344,127.9179916381836
2019-12-16,67.39922332763672,147.0181121826172,5.603414535522461,115.28257751464844,196.701904296875,118.44519805908203,27.04836082458496,44.96177291870117,106.56001281738281,36.77813720703125,52.27491760253906,127.76856231689453
2019-12-17,67.53169250488281,146.22409057617188,5.681562423706055,115.98768615722656,199.38450622558594,119.92376708984375,26.88250732421875,44.96177291870117,106.34783935546875,37.00392150878906,52.03594970703125,128.65631103515625
2019-12-18,67.37031555175781,145.92160034179688,5.711924076080322,115.87017059326172,198.78073120117188,119.61469268798828,26.87559700012207,44.54042053222656,105.24457550048828,36.57065963745117,52.17784881591797,129.31549072265625
2019-12-19,67.43775177001953,147.1882781982422,5.860005855560303,115.29098510742188,198.34083557128906,121.41902160644531,26.930883407592773,44.879150390625,106.01685333251953,36.637779235839844,51.81938171386719,127.46969604492188
2019-12-20,67.2980728149414,148.7952423095703,5.957314491271973,115.19866180419922,197.46963500976562,122.01213836669922,27.110553741455078,45.41617965698242,106.3902816772461,36.701866149902344,52.230125427246094,129.71109008789062
2019-12-23,68.39628601074219,148.7952423095703,5.943626880645752,115.16507720947266,197.60765075683594,122.32955169677734,27.17275047302246,45.36663055419922,105.99988555908203,36.317420959472656,52.49149703979492,130.52850341796875
2019-12-24,68.46129608154297,148.76686096191406,5.9386491775512695,115.48405456542969,198.31495666503906,121.90351867675781,27.152021408081055,45.20137405395508,106.27145385742188,36.4638671875,52.289852142333984,129.63198852539062
2019-12-26,69.81957244873047,149.98626708984375,5.952836513519287,116.7095718383789,199.4363250732422,121.82005310058594,27.21422004699707,45.45750427246094,106.27145385742188,36.46691131591797,52.37199783325195,130.28245544433594
2019-12-27,69.79310607910156,150.26040649414062,5.895096302032471,116.79350280761719,198.9619140625,121.75312042236328,27.17275047302246,45.73013687133789,107.00979614257812,36.48828125,52.192779541015625,130.3351593017578
2019-12-30,70.20732116699219,148.96534729003906,5.781857490539551,116.36543273925781,198.22007751464844,121.37726593017578,26.889415740966797,45.664058685302734,105.63495635986328,36.43030548095703,51.886592864990234,129.66717529296875
2019-12-31,70.72032165527344,149.06935119628906,5.856022357940674,117.0117416381836,198.33221435546875,121.85343170166016,27.076011657714844,45.73013687133789,105.99988555908203,36.259437561035156,52.110626220703125,129.8077850341797
2020-01-02,72.33387756347656,151.8295440673828,5.9707536697387695,118.43032836914062,202.11888122558594,121.93695068359375,27.04836082458496,45.432716369628906,104.73536682128906,36.289955139160156,52.94702911376953,132.31288146972656
2020-01-03,71.63066864013672,149.93894958496094,5.875185966491699,116.86749267578125,199.75543212890625,120.52523040771484,26.903242111206055,45.184852600097656,104.03096008300781,35.96958541870117,52.5213623046875,130.47581481933594
2020-01-06,72.201416015625,150.32656860351562,5.899825096130371,116.77452850341797,201.7997283935547,120.37482452392578,26.868688583374023,45.168331146240234,104.17523193359375,35.896366119384766,52.92463302612305,130.38787841796875
2020-01-07,71.86186218261719,148.95596313476562,5.97125244140625,114.78932189941406,203.1281280517578,121.10997009277344,26.77884864807129,44.821319580078125,103.53022766113281,35.56379699707031,52.49149703979492,128.66510009765625
2020-01-08,73.01782989501953,151.3285369873047,5.982451438903809,115.68480682373047,205.08615112304688,121.09326171875,26.99307632446289,44.903934478759766,103.9715347290039,35.441749572753906,51.699913024902344,129.8077850341797
2020-01-09,74.56879425048828,153.2190704345703,6.048154830932617,116.10718536376953,209.2610321044922,121.45246887207031,26.87559700012207,45.72187805175781,105.10877227783203,35.80788040161133,52.095703125,129.48251342773438
2020-01-10,74.73737335205078,152.51011657714844,6.080506324768066,114.94981384277344,208.83836364746094,121.17677307128906,27.290239334106445,45.87885284423828,105.21061706542969,35.50886917114258,51.632694244384766,128.4453582763672
2020-01-13,76.33409881591797,154.343994140625,6.271147727966309,115.90440368652344,211.5124053955078,121.71141815185547,27.234952926635742,46.37458419799805,105.98290252685547,35.3563232421875,52.12556838989258,129.0518341064453
2020-01-14,75.30333709716797,153.2569122314453,6.154175758361816,117.25608825683594,211.90049743652344,122.39641571044922,27.69105339050293,46.267173767089844,105.8216781616211,35.44784927368164,51.677494049072266,128.9287872314453
2020-01-15,74.9806137084961,154.2494354248047,6.1116180419921875,115.49891662597656,211.5124053955078,122.80570983886719,28.105697631835938,46.84550857543945,106.89948272705078,35.173248291015625,51.595340728759766,127.95315551757812
2020-01-16,75.91986083984375,157.07583618164062,6.195239067077637,115.94666290283203,215.402587890625,123.79981994628906,28.064231872558594,46.94465255737305,106.99284362792969,35.36241912841797,51.39373016357422,129.9747314453125
2020-01-17,76.76036834716797,157.95494079589844,6.203949451446533,116.74919128417969,215.17832946777344,124.61007690429688,27.995126724243164,47.04379653930664,107.28137969970703,35.07562255859375,51.199554443359375,130.80685424804688
2020-01-21,76.24019622802734,157.3877410888672,6.1706013679504395,115.60029602050781,211.93505859375,124.69365692138672,27.877643585205078,47.23382568359375,107.00979614257812,35.267822265625,50.46770477294922,129.09849548339844
2020-01-22,76.51233673095703,156.63156127929688,6.224606513977051,115.46513366699219,213.09951782226562,123.84158325195312,27.773983001708984,47.59735107421875,107.19651794433594,35.42344284057617,50.17645263671875,126.24832153320312
2020-01-23,76.88080596923828,157.59571838378906,6.2930474281311035,115.34683227539062,211.83152770996094,124.07544708251953,28.13333511352539,47.77911376953125,106.70648193359375,35.334957122802734,49.86280059814453,126.35453033447266
2020-01-24,76.65922546386719,156.00765991210938,6.233814716339111,112.48307037353516,208.67445373535156,123.9000473022461,27.51828956604004,47.65518569946289,106.83454132080078,34.89559555053711,49.52676010131836,124.25672912597656
2020-01-27,74.40501403808594,153.398681640625,5.97797155380249,111.536865234375,205.41397094726562,124.25922393798828,27.75324821472168,47.48994445800781,107.30409240722656,35.35021209716797,48.34684371948242,120.14080810546875
2020-01-28,76.50989532470703,156.40467834472656,6.1713480949401855,113.56436920166016,209.2437744140625,124.8857650756836,26.357290267944336,47.10163116455078,107.59435272216797,35.57598876953125,48.27962112426758,121.03480529785156
2020-01-29,78.11144256591797,158.84349060058594,6.110871315002441,113.39541625976562,207.121826171875,125.75452423095703,25.970294952392578,47.10163116455078,106.76624298095703,35.35935974121094,47.876365661621094,120.18509674072266
2020-01-30,77.99823760986328,163.32400512695312,6.117589473724365,114.7977523803711,210.58079528808594,125.60420227050781,25.879541397094727,48.63010787963867,107.52604675292969,35.569889068603516,48.384185791015625,119.82215118408203
2020-01-31,74.53990173339844,160.91360473632812,5.884145736694336,111.8156509399414,205.07752990722656,124.3594741821289,25.99822425842285,48.25006103515625,106.3906021118164,34.932220458984375,46.3902702331543,116.26388549804688
2020-02-03,74.33518981933594,164.83651733398438,5.981207370758057,112.66890716552734,206.16433715820312,125.44547271728516,26.18671989440918,48.39876937866211,106.80892944335938,34.86508560180664,45.35223388671875,114.86537170410156
2020-02-04,76.7892837524414,170.26231384277344,6.150442123413086,114.29085540771484,208.6917266845703,126.6399917602539,26.312381744384766,48.61357498168945,107.27848052978516,35.17020034790039,44.78467559814453,118.17578887939453
2020-02-05,77.41544342041016,170.0543670654297,6.240784645080566,116.23389434814453,210.72740173339844,128.6365203857422,26.64748191833496,48.62183380126953,108.26025390625,35.64007568359375,46.84579849243164,121.65441131591797
2020-02-06,78.32095336914062,173.58026123046875,6.327640056610107,116.25076293945312,208.5882568359375,128.25225830078125,26.710309982299805,48.73750686645508,108.5419692993164,35.48750686645508,46.21104049682617,121.48624420166016
2020-02-07,77.25636291503906,173.8260498046875,6.261439323425293,115.87908935546875,205.29322814941406,126.88228607177734,26.563703536987305,48.902740478515625,107.63705444335938,35.53023147583008,45.90485763549805,118.05187225341797
2020-02-10,77.62330627441406,178.37277221679688,6.5446600914001465,116.36058807373047,204.7411346435547,126.85721588134766,26.39615249633789,49.36542510986328,107.71388244628906,35.16409683227539,45.420047760009766,118.89278411865234
2020-02-11,77.15497589111328,174.34596252441406,6.6671061515808105,116.58024597167969,203.96484375,126.9657974243164,26.59162712097168,49.23322677612305,105.9979019165039,35.20986557006836,45.851829528808594,120.54798889160156
2020-02-12,78.98723602294922,174.60113525390625,6.782833099365234,116.58024597167969,205.85386657714844,126.21398162841797,26.347286224365234,49.08451843261719,105.39176177978516,35.3471565246582,46.41236877441406,123.55746459960938
2020-02-13,78.42474365234375,173.65586853027344,6.739029884338379,116.4788818359375,205.59510803222656,125.378662109375,25.78180503845215,49.249755859375,106.68086242675781,35.8322868347168,46.154823303222656,123.67255401611328
2020-02-14,78.44406127929688,175.2061309814453,7.212142467498779,116.12408447265625,204.4996337890625,125.4120101928711,25.488590240478516,49.53065872192383,107.68827056884766,35.96958541870117,45.94272994995117,122.1412353515625
2020-02-18,77.00772857666016,176.98321533203125,7.38087797164917,114.58657836914062,201.16143798828125,124.58504486083984,25.355945587158203,49.18365478515625,106.60404968261719,36.50048828125,45.35944747924805,120.89320373535156
2020-02-19,78.12300872802734,177.51402282714844,7.832088470458984,116.14942932128906,204.71524047851562,124.41796112060547,25.29311752319336,49.38194274902344,107.09066009521484,35.90550994873047,45.70790481567383,121.14105224609375
2020-02-20,77.32152557373047,174.80316162109375,7.682763576507568,116.14942932128906,200.7474365234375,123.94182586669922,25.02783203125,49.34062576293945,108.06390380859375,35.908573150634766,45.344303131103516,121.2029800415039
2020-02-21,75.57135009765625,169.27720642089844,7.318660259246826,114.7302017211914,198.92735290527344,125.2449722290039,24.937068939208984,49.67937469482422,108.16633605957031,36.18012237548828,44.791316986083984,121.4508056640625
2020-02-24,71.98169708251953,161.9786834716797,6.801249980926514,111.64671325683594,193.68292236328125,122.66404724121094,24.204036712646484,48.456600189208984,105.26370239257812,35.490562438964844,42.69303512573242,116.98970794677734
2020-02-25,69.54351806640625,159.30581665039062,6.521762371063232,106.66246795654297,187.70529174804688,121.60479736328125,23.687421798706055,47.77084732055664,103.667236328125,34.90169143676758,41.05681610107422,114.18378448486328
2020-02-26,70.64674377441406,161.29620361328125,6.661133289337158,106.98351287841797,186.12672424316406,120.7893295288086,24.238948822021484,47.589080810546875,102.5830307006836,34.715576171875,40.15537643432617,113.51992797851562
2020-02-27,66.0286636352539,149.93148803710938,6.290337085723877,102.53150177001953,177.42332458496094,116.955810546875,23.80609893798828,45.383148193359375,96.89722442626953,33.68429946899414,37.738948822021484,109.1119155883789
2020-02-28,65.99005889892578,153.561767578125,6.7253804206848145,98.08792877197266,174.2383270263672,113.05508422851562,23.331382751464844,44.19340515136719,96.6667251586914,32.85440444946289,38.966102600097656,109.97048950195312
2020-03-02,72.1337890625,163.7796173095703,6.883759498596191,102.658203125,181.78866577148438,117.71244812011719,24.350643157958984,46.20107650756836,102.07079315185547,35.3563232421875,40.814414978027344,112.94456481933594
2020-03-03,69.8428726196289,155.93136596679688,6.62129020690918,98.80598449707031,176.54681396484375,113.98821258544922,23.945730209350586,46.31673812866211,100.88410186767578,34.45013427734375,38.86004638671875,110.09440612792969
2020-03-04,73.0824966430664,161.65643310546875,7.084970474243164,101.2474136352539,181.1550750732422,120.6211929321289,25.41179847717285,48.679664611816406,106.2881851196289,35.62785720825195,39.70845413208008,112.7675552368164
2020-03-05,70.71192169189453,157.59962463378906,6.805566787719727,96.28007507324219,172.51998901367188,119.38540649414062,24.755556106567383,46.87855529785156,103.83798217773438,35.3685188293457,37.958614349365234,107.9612045288086
2020-03-06,69.77286529541016,153.1446990966797,6.625024795532227,91.3043212890625,167.36495971679688,119.40223693847656,24.44838523864746,45.65578842163086,103.86360931396484,35.76821517944336,36.125457763671875,107.46554565429688
2020-03-09,64.2543716430664,142.7657012939453,6.112036228179932,78.93665313720703,149.97323608398438,114.70281219482422,23.568742752075195,42.84670639038086,99.082763671875,35.74685287475586,31.709197998046875,92.11708068847656
2020-03-10,68.88207244873047,152.5286407470703,6.501508712768555,85.06979370117188,159.98826599121094,119.07435607910156,24.148191452026367,44.33386993408203,102.91596221923828,36.5493049621582,32.883323669433594,94.25914764404297
2020-03-11,66.48977661132812,145.61875915527344,6.137685775756836,81.06550598144531,149.1748046875,110.80201721191406,22.458723068237305,43.1358757019043,95.26663970947266,34.913917541503906,31.80008888244629,89.12532806396484
2020-03-12,59.92359161376953,131.80853271484375,5.386630058288574,74.3832778930664,130.76768493652344,105.43006896972656,20.957752227783203,38.96357345581055,86.94285583496094,31.74684715270996,28.164066314697266,81.66355895996094
2020-03-13,67.1029281616211,150.54759216308594,5.997485160827637,87.78153228759766,153.7570343017578,112.89533233642578,22.83571434020996,40.397090911865234,97.38387298583984,34.8132209777832,28.876117706298828,88.19591522216797
2020-03-16,58.47034454345703,128.35833740234375,4.890824317932129,74.64515686035156,134.22174072265625,106.87605285644531,21.069448471069336,37.721744537353516,92.6286392211914,32.573707580566406,26.126380920410156,82.68146514892578
2020-03-17,61.041290283203125,138.9268798828125,5.410536766052246,79.20700073242188,137.7017822265625,114.82890319824219,22.45174217224121,39.32194519042969,100.94388580322266,36.387596130371094,27.8837947845459,88.69156646728516
2020-03-18,59.547000885009766,133.07862854003906,5.05069637298584,70.86895751953125,121.51643371582031,113.45860290527344,22.591365814208984,37.380027770996094,100.26945495605469,37.40056228637695,25.088590621948242,88.62076568603516
2020-03-19,59.09075164794922,135.26820373535156,5.303455352783203,72.06011199951172,129.73497009277344,106.80878448486328,21.237003326416016,34.86301040649414,94.6178207397461,36.60683059692383,26.0809268951416,91.1788558959961
2020-03-20,55.33934020996094,130.18771362304688,5.123661994934082,70.53948974609375,120.1191635131836,100.78949737548828,20.25264549255371,31.92095184326172,87.4465560913086,34.92741775512695,24.800743103027344,84.5313949584961
2020-03-23,54.16371154785156,128.88912963867188,5.296483993530273,66.76331329345703,117.13377380371094,93.43350982666016,19.889619827270508,31.304210662841797,83.40845489501953,35.022430419921875,23.823558807373047,81.30062866210938
2020-03-24,59.59769821166992,140.60462951660156,6.205170631408691,74.70429229736328,133.3018341064453,100.19261169433594,20.73435401916504,32.87941360473633,88.16366577148438,35.25226974487305,26.846004486083984,89.7006607055664
2020-03-25,59.26939392089844,139.2586669921875,6.116516590118408,77.4920883178711,134.629638671875,100.3775634765625,20.769258499145508,34.67965316772461,86.15742492675781,33.52688980102539,28.247386932373047,92.648193359375
2020-03-26,62.388309478759766,147.96942138671875,6.405882358551025,82.8902359008789,143.8809051513672,106.4052505493164,22.165508270263672,36.91328811645508,91.6724624633789,33.655609130859375,29.406375885009766,97.80860137939453
2020-03-27,59.8052978515625,141.89366149902344,6.293574333190918,76.98519897460938,137.41543579101562,103.53854370117188,21.572105407714844,35.67979049682617,94.0543441772461,33.582054138183594,27.98984718322754,93.32975769042969
2020-03-30,61.51202392578125,151.87460327148438,6.613819599151611,78.98733520507812,138.5263214111328,111.81926727294922,22.80778694152832,37.50503921508789,98.17784118652344,35.30129623413086,28.40645980834961,98.87963104248047
2020-03-31,61.3864860534668,149.48605346679688,6.564262390136719,76.05594635009766,134.16098022460938,110.23875427246094,22.786848068237305,36.879966735839844,93.90921783447266,34.820152282714844,28.762500762939453,102.7123031616211
2020-04-01,58.156524658203125,144.17803955078125,6.053016662597656,71.26602172851562,126.0899887084961,108.28836822509766,22.165508270263672,35.104705810546875,93.33723449707031,34.97951126098633,28.429197311401367,98.56094360351562
2020-04-02,59.126949310302734,147.16375732421875,6.361806869506836,73.92707824707031,130.1168212890625,111.93695068359375,22.947412490844727,36.62991714477539,97.66559600830078,36.36165237426758,30.60323715209961,103.3318862915039
2020-04-03,58.277217864990234,145.80833435058594,6.0739359855651855,71.74195861816406,127.51325988769531,112.79444885253906,23.484966278076172,36.529911041259766,98.24610900878906,36.61601638793945,29.701799392700195,101.49964904785156
2020-04-06,63.36118698120117,156.6517791748047,6.68379545211792,76.35975646972656,137.3199920654297,117.49388885498047,24.134225845336914,38.89689636230469,100.57677459716797,38.63559341430664,30.656265258789062,106.59807586669922
2020-04-07,62.62730407714844,154.96461486816406,6.450458526611328,77.366943359375,144.08056640625,115.5771255493164,23.464025497436523,38.76354217529297,96.27401733398438,37.38523483276367,31.23953628540039,107.91695404052734
2020-04-08,64.2302474975586,156.51907348632812,6.647686958312988,80.4909896850586,153.57485961914062,120.43624877929688,24.155168533325195,39.855342864990234,98.26319122314453,37.33926773071289,33.21662521362305,112.7675552368164
2020-04-09,64.6937026977539,156.52854919433594,6.548076152801514,87.71212005615234,159.9101104736328,118.72966766357422,24.70669174194336,40.838809967041016,97.88756561279297,37.327003479003906,32.671226501464844,110.66976165771484
2020-04-13,65.9634780883789,156.8792724609375,6.719903469085693,83.81134796142578,155.5013885498047,117.50228118896484,24.532161712646484,39.113582611083984,98.98885345458984,38.399627685546875,32.390953063964844,101.03052520751953
2020-04-14,69.29486083984375,164.64218139648438,7.07102632522583,81.51524353027344,154.6769256591797,122.76496887207031,25.439722061157227,40.77214431762695,103.26599884033203,39.533531188964844,32.1409797668457,103.10176849365234
2020-04-15,68.66239166259766,162.91708374023438,6.993580341339111,77.4949722290039,154.92869567871094,124.13529205322266,25.111608505249023,39.680328369140625,103.48796844482422,39.45998001098633,30.663837432861328,98.72029876708984
2020-04-16,69.20795440673828,167.80801391601562,7.3387250900268555,74.5416488647461,153.64422607421875,125.82505798339844,25.04877281188965,39.25526809692383,103.72701263427734,40.55405807495117,29.65635871887207,100.2161865234375
2020-04-17,68.26892852783203,169.2866973876953,7.279458522796631,81.24211883544922,159.2418670654297,127.80067443847656,25.767839431762695,40.055389404296875,106.45037078857422,40.48969650268555,32.73939514160156,103.88753509521484
2020-04-20,66.85188293457031,165.9312744140625,7.148224353790283,78.28026580810547,156.5602264404297,127.50642395019531,25.188398361206055,38.78021240234375,102.95865631103516,39.794029235839844,31.194091796875,102.36897277832031
2020-04-21,64.78546142578125,159.06878662109375,6.711436748504639,76.00977325439453,150.84112548828125,125.83348083496094,24.867259979248047,37.82175064086914,102.1732177734375,39.5978889465332,31.02743911743164,98.12594604492188
2020-04-22,66.6515121459961,164.4715576171875,7.125810146331787,76.25731658935547,152.72430419921875,128.61611938476562,25.30708122253418,38.07179260253906,101.93419647216797,40.32727813720703,31.913719177246094,98.83162689208984
2020-04-23,66.3932113647461,162.48109436035156,7.0725202560424805,76.29998779296875,151.91720581054688,130.734619140625,25.6142520904541,37.563385009765625,102.6139907836914,39.38949203491211,32.913631439208984,100.85935974121094
2020-04-24,68.30994415283203,165.4478759765625,7.211474895477295,77.42668914794922,153.6095428466797,130.18820190429688,26.095966339111328,37.863426208496094,102.08116912841797,39.66838073730469,33.125736236572266,101.8687515258789
2020-04-27,68.35823059082031,164.97393798828125,7.397993087768555,80.76412200927734,159.28529357910156,129.70896911621094,26.759183883666992,38.98857498168945,100.93814849853516,39.319007873535156,33.28479766845703,102.90492248535156
2020-04-28,67.25019836425781,160.9550323486328,7.255552291870117,81.33601379394531,162.2966766357422,127.27102661132812,26.46596908569336,38.955230712890625,100.45686340332031,39.22706985473633,34.065040588378906,103.13721466064453
2020-04-29,69.45903015136719,168.1776580810547,7.43235969543457,83.52965545654297,164.91763305664062,126.30421447753906,26.61256980895996,39.271934509277344,100.6201400756836,37.878639221191406,35.95121765136719,107.24624633789062
2020-04-30,70.92434692382812,169.86488342285156,7.2784624099731445,81.73719787597656,159.18112182617188,126.13607025146484,26.780126571655273,38.246803283691406,101.299072265625,37.250389099121094,35.2012939453125,103.95899963378906
2020-05-01,69.78251647949219,165.466796875,7.041890621185303,79.59473419189453,153.69630432128906,124.6648941040039,26.277469635009766,38.00510787963867,100.39669036865234,37.67024230957031,32.678802490234375,99.04601287841797
2020-05-04,70.76985168457031,169.51414489746094,7.253809452056885,78.64728546142578,152.76771545410156,124.64807891845703,26.263513565063477,37.62172317504883,99.49431610107422,37.9092903137207,33.996856689453125,96.2232666015625
2020-05-05,71.83203125,171.33401489257812,7.314820766448975,78.52779388427734,154.7377471923828,125.68212127685547,26.884845733642578,37.838417053222656,99.70056915283203,38.224945068359375,33.958988189697266,97.2862548828125
2020-05-06,72.5731430053711,173.02114868164062,7.415674686431885,77.05113220214844,153.54010009765625,124.48834228515625,26.884845733642578,37.29668045043945,97.19966888427734,37.78670120239258,33.32268142700195,96.17861938476562
2020-05-07,73.32389068603516,174.02597045898438,7.591983318328857,77.85346984863281,158.22650146484375,124.07640075683594,26.059894561767578,37.17165756225586,96.40042877197266,37.51891326904297,33.51205825805664,95.83915710449219
2020-05-08,75.06912994384766,175.0496063232422,7.781988143920898,79.12529754638672,160.89080810546875,125.0095443725586,26.243215560913086,38.43016815185547,99.64900970458984,37.84210968017578,34.981632232666016,100.14471435546875
2020-05-11,76.25039672851562,177.00216674804688,8.034000396728516,76.7950439453125,158.95547485351562,125.3542709350586,26.863693237304688,37.95509719848633,99.09899139404297,38.06679916381836,34.64830780029297,97.01827239990234
2020-05-12,75.37895965576172,172.9927520751953,7.772027015686035,74.28557586669922,153.79177856445312,123.69810485839844,26.34192657470703,37.35501480102539,98.4458236694336,38.10066604614258,34.06916427612305,93.79358673095703
2020-05-13,74.46884155273438,170.37673950195312,7.7496161460876465,71.72488403320312,149.0967254638672,123.68970489501953,26.12335205078125,36.621585845947266,97.9043960571289,38.07912063598633,32.378074645996094,93.3290786743164
2020-05-14,74.92633056640625,171.11599731445312,7.999137878417969,74.70382690429688,151.39645385742188,124.11846160888672,26.736774444580078,36.42155838012695,97.80986785888672,37.989864349365234,32.663780212402344,94.8565673828125
2020-05-15,74.48336791992188,173.60885620117188,8.457590103149414,73.32106018066406,149.15745544433594,126.47238159179688,26.62396240234375,36.05484390258789,98.49739837646484,38.765525817871094,32.432125091552734,96.40190887451172
2020-05-18,76.23826599121094,175.26763916015625,8.71607494354248,77.20475006103516,157.84466552734375,126.53964233398438,26.842540740966797,37.480037689208984,99.87246704101562,39.294979095458984,35.01124572753906,102.7441635131836
2020-05-19,75.79772186279297,174.0543670654297,8.771109580993652,75.68541717529297,154.3298797607422,125.27860260009766,26.567554473876953,37.12165069580078,96.6324691772461,38.4608039855957,33.930171966552734,100.11793518066406
2020-05-20,77.27184295654297,176.46859741210938,8.934971809387207,77.9559097290039,157.46279907226562,124.15206146240234,26.53229522705078,38.246803283691406,97.35438537597656,38.614715576171875,35.034400939941406,103.3426284790039
2020-05-21,76.69573211669922,174.3489990234375,8.740979194641113,76.96575927734375,156.29989624023438,123.33660888671875,26.27141571044922,37.6467170715332,95.92774963378906,38.473114013671875,34.408935546875,101.88660430908203
2020-05-22,77.1895523071289,174.42506408691406,8.990996360778809,76.3682861328125,156.15231323242188,122.21077728271484,26.440635681152344,37.530052185058594,96.76997375488281,38.26996994018555,34.439815521240234,100.46630859375
2020-05-26,76.6667251586914,172.58114624023438,8.683701515197754,81.78841400146484,170.15077209472656,122.37159729003906,26.433591842651367,38.41349411010742,96.28010559082031,38.12529754638672,35.451393127441406,104.87907409667969
2020-05-27,77.000732421875,172.80921936035156,8.491954803466797,86.52566528320312,181.95352172851562,122.65095520019531,26.377180099487305,38.946903228759766,97.87860870361328,37.70050811767578,35.70622634887695,109.35437774658203
2020-05-28,77.03461456298828,172.4194793701172,8.45385456085205,85.23678588867188,174.6288604736328,124.41171264648438,26.92009162902832,39.2469482421875,99.74354553222656,38.072959899902344,34.77959060668945,107.85365295410156
2020-05-29,76.9595947265625,174.1779327392578,8.840834617614746,83.06019592285156,171.58985900878906,125.91844940185547,26.927154541015625,38.90523147583008,99.62323760986328,38.18685531616211,35.111629486083984,107.30876159667969
2020-06-01,77.9060287475586,173.77871704101562,8.771857261657715,84.16130828857422,174.59393310546875,124.5979232788086,25.002267837524414,39.163604736328125,100.76624298095703,38.156070709228516,35.737117767333984,107.6392822265625
2020-06-02,78.26669311523438,175.7557830810547,8.790782928466797,84.44297790527344,178.27044677734375,125.49523162841797,25.495824813842773,39.08858871459961,101.46236419677734,38.1499137878418,36.53246307373047,110.15831756591797
2020-06-03,78.69757843017578,176.18348693847656,8.735250473022461,89.0009994506836,183.8855743408203,125.83382415771484,25.495824813842773,39.922035217285156,101.86627960205078,38.005245208740234,38.022804260253906,113.52592468261719
2020-06-04,78.01980590820312,173.86427307128906,8.736248970031738,90.8532485961914,187.59701538085938,124.2085189819336,25.390066146850586,39.938697814941406,99.73497009277344,37.58662414550781,37.91469192504883,115.19636535644531
2020-06-05,80.24188232421875,177.932373046875,8.889217376708984,94.94181823730469,190.30416870117188,124.6910171508789,25.375961303710938,40.913822174072266,101.69440460205078,37.417327880859375,40.9880256652832,120.69889068603516
2020-06-08,80.71630859375,179.03494262695312,8.774615287780762,96.83671569824219,192.82789611816406,124.24239349365234,25.799015045166016,41.547245025634766,102.31319427490234,37.31882858276367,42.26986312866211,123.02137756347656
2020-06-09,83.26517486572266,180.40367126464844,9.01478385925293,94.35284423828125,190.4613494873047,123.55671691894531,25.53108024597168,40.838809967041016,101.70298767089844,37.35269546508789,41.32779312133789,119.86815643310547
2020-06-10,85.40738677978516,187.0951690673828,9.334425926208496,90.52887725830078,186.4617462158203,125.11428833007812,25.326616287231445,40.52210998535156,102.4678955078125,37.29419708251953,39.111602783203125,118.3049545288086
2020-06-11,81.30695343017578,177.0484161376953,8.765894889831543,82.974853515625,169.52894592285156,119.24796295166016,23.47928810119629,37.95509719848633,99.91544342041016,36.9648551940918,35.65989303588867,108.57721710205078
2020-06-12,82.00892639160156,178.4456787109375,8.90167236328125,85.24532318115234,176.20950317382812,120.33148956298828,23.79657745361328,38.35037612915039,99.36540222167969,36.24149703979492,36.42435836791992,110.00645446777344
2020-06-15,83.02312469482422,179.58624267578125,9.142090797424316,86.42323303222656,180.16542053222656,119.56964111328125,23.521595001220703,38.9390869140625,100.28496551513672,36.34614181518555,36.40119171142578,110.4173583984375
2020-06-16,85.2234115600586,183.98709106445312,9.037203788757324,87.11463928222656,183.02976989746094,122.2869644165039,23.549795150756836,39.3343620300293,101.52251434326172,36.829410552978516,37.21971130371094,116.22364044189453
2020-06-17,85.10482025146484,184.62387084960938,9.204124450683594,84.91242980957031,180.0606231689453,121.91448974609375,23.662609100341797,39.17457962036133,101.35066986083984,36.63856887817383,36.00737762451172,114.54425811767578
2020-06-18,85.13872528076172,186.60093688964844,9.186188697814941,84.4515151977539,178.0084991455078,121.39812469482422,23.436986923217773,39.51940155029297,102.51084899902344,36.31845474243164,36.23130798339844,113.97258758544922
2020-06-19,84.65216827392578,185.48883056640625,9.229291915893555,83.48699188232422,176.07852172851562,121.753662109375,23.563899993896484,38.703609466552734,102.20146942138672,36.89097213745117,35.50545120239258,113.85643005371094
2020-06-22,86.86698150634766,190.6404571533203,9.493873596191406,82.58221435546875,177.64166259765625,121.38119506835938,23.345325469970703,38.46813201904297,101.19595336914062,37.45427703857422,35.84520721435547,112.36469268798828
2020-06-23,88.72115325927734,191.91412353515625,9.417387962341309,83.58943176269531,178.82933044433594,120.93254852294922,23.1055965423584,38.38401412963867,101.17876434326172,37.266502380371094,36.06143569946289,112.77558135986328
2020-06-24,87.15503692626953,188.045654296875,9.203628540039062,80.79827117919922,172.92599487304688,118.35914611816406,22.696643829345703,37.55141830444336,100.05292510986328,37.02949523925781,34.362606048583984,109.03277587890625
2020-06-25,88.31204986572266,190.42184448242188,9.45725154876709,83.61502075195312,180.85531616210938,118.23219299316406,22.78830909729004,37.786895751953125,101.31626892089844,36.84788131713867,34.87996292114258,111.39995574951172
2020-06-26,85.59860229492188,186.61038208007812,9.123405456542969,79.03138732910156,165.21498107910156,116.65765380859375,22.59088706970215,36.64311981201172,99.03023529052734,36.42001724243164,33.68307113647461,109.32755279541016
2020-06-29,87.57138061523438,188.615966796875,9.168251991271973,79.38134765625,168.95254516601562,117.69886779785156,23.013938903808594,37.30752182006836,101.11860656738281,36.64781188964844,34.223602294921875,111.88231658935547
2020-06-30,88.30237579345703,193.43490600585938,9.464972496032715,80.28612518310547,172.57669067382812,119.04481506347656,23.056241989135742,37.57664489746094,102.76010131835938,36.869422912597656,34.53248596191406,112.99889373779297
2020-07-01,88.1353530883789,194.5659942626953,9.497114181518555,79.6032943725586,172.5330047607422,118.83319091796875,23.78952407836914,37.69438934326172,103.11244201660156,36.84172821044922,33.7525634765625,112.60586547851562
2020-07-02,88.1353530883789,196.04876708984375,9.579078674316406,79.86184692382812,172.38453674316406,119.33260345458984,24.33243751525879,37.74485397338867,103.88593292236328,36.693973541259766,34.03827667236328,114.08868408203125
2020-07-06,90.49300384521484,200.26895141601562,9.805294036865234,81.87865447998047,181.08238220214844,121.03408813476562,24.33243751525879,38.039207458496094,104.53046417236328,36.59547424316406,34.277671813964844,115.61618041992188
2020-07-07,90.21221160888672,197.94027709960938,9.83768367767334,79.56880950927734,174.09619140625,120.92407989501953,23.994003295898438,38.02238464355469,105.03755950927734,39.07643127441406,33.38964080810547,113.62420654296875
2020-07-08,92.31327056884766,202.29351806640625,10.180745124816895,80.41345977783203,176.6199188232422,121.27958679199219,23.79657745361328,37.904640197753906,105.61333465576172,38.303829193115234,33.31241989135742,114.4549560546875
2020-07-09,92.7102279663086,203.7097930908203,10.472735404968262,78.67244720458984,171.8867645263672,120.61933135986328,23.592103958129883,36.92905807495117,105.26097869873047,39.322669982910156,31.937910079956055,112.31108856201172
2020-07-10,92.87242126464844,203.09194946289062,10.443086624145508,82.9732437133789,179.51046752929688,120.51771545410156,23.85297966003418,37.97191619873047,106.47274017333984,40.22454833984375,32.93405532836914,114.34774780273438
2020-07-13,92.4439926147461,196.81869506835938,10.017559051513672,84.16262817382812,182.40972900390625,122.92182159423828,24.826000213623047,38.05602264404297,106.61026000976562,39.867496490478516,32.941768646240234,116.634521484375
2020-07-14,93.97378540039062,198.03533935546875,10.341190338134766,84.64527130126953,186.8896484375,125.21585845947266,24.840103149414062,38.57744598388672,107.5040512084961,40.633941650390625,34.03056335449219,122.27108001708984
2020-07-15,94.62008666992188,197.74063110351562,10.191954612731934,85.95535278320312,189.4133758544922,125.50365447998047,25.185588836669922,39.023189544677734,106.99699401855469,40.630859375,34.462989807128906,123.59310913085938
2020-07-16,93.45579528808594,193.8246307373047,10.099776268005371,86.19666290283203,187.46603393554688,126.34172058105469,25.100982666015625,38.81293487548828,107.2204360961914,40.69241714477539,34.19271469116211,123.77175903320312
2020-07-17,93.26697540283203,192.83607482910156,10.16629409790039,84.60218811035156,184.619140625,126.42639923095703,25.559288024902344,39.37641525268555,107.9681167602539,40.55083465576172,33.605857849121094,123.20479583740234
2020-07-20,95.23249816894531,201.12442016601562,10.47447681427002,83.8609619140625,184.88111877441406,126.63799285888672,25.735553741455078,38.78771209716797,107.63294219970703,40.46772384643555,32.81821060180664,121.161865234375
2020-07-21,93.9181137084961,198.41551208496094,10.292859077453613,85.67955017089844,185.15187072753906,126.75651550292969,25.86952018737793,39.696014404296875,107.48686981201172,40.73244857788086,34.478431701660156,122.27786254882812
2020-07-22,94.18194580078125,201.26698303222656,10.402728080749512,85.05900573730469,179.89474487304688,126.98509216308594,27.188032150268555,40.77251052856445,108.40644836425781,40.83403015136719,33.67535400390625,123.27680206298828
2020-07-23,89.89512634277344,192.51290893554688,10.094793319702148,85.3089370727539,177.2923583984375,126.64647674560547,27.082263946533203,40.604312896728516,109.1078109741211,40.520057678222656,33.74485397338867,122.93482208251953
2020-07-24,89.67243194580078,191.33436584472656,10.159317970275879,84.70562744140625,175.93878173828125,125.3851547241211,26.55345344543457,40.780914306640625,108.93484497070312,40.39692306518555,33.53635787963867,123.81674194335938
2020-07-27,91.79767608642578,193.75808715820312,10.385538101196289,83.51622772216797,177.2923583984375,124.58946990966797,26.46884536743164,40.77251052856445,109.24620819091797,40.38770294189453,34.03056335449219,125.89566040039062
2020-07-28,90.28968048095703,192.01870727539062,10.180246353149414,83.87820434570312,176.06976318359375,124.29319763183594,27.512367248535156,40.52020263671875,110.59534454345703,40.55698776245117,33.62902069091797,124.22175598144531
2020-07-29,92.0203857421875,193.95770263671875,10.429384231567383,85.91223907470703,176.90811157226562,124.04767608642578,27.681589126586914,40.38563919067383,110.96720886230469,40.22762680053711,33.99966812133789,126.4716796875
2020-07-30,93.13385009765625,193.80560302734375,10.577372550964355,83.61964416503906,174.24461364746094,124.30165100097656,27.581911087036133,40.10810470581055,113.65685272216797,40.05216598510742,32.33174133300781,123.05178833007812
2020-07-31,102.88389587402344,194.86070251464844,10.578120231628418,83.29212188720703,172.87355041503906,123.3874282836914,27.39679718017578,39.729652404785156,113.39742279052734,39.83054733276367,32.493896484375,119.58696746826172
2020-08-03,105.47632598876953,205.81985473632812,10.972254753112793,82.82669830322266,174.1223602294922,124.73339080810547,27.304244995117188,38.9390869140625,113.54441833496094,39.79977035522461,32.62517166137695,118.59696960449219
2020-08-04,106.18070983886719,202.73074340820312,11.189005851745605,82.35267639160156,176.08724975585938,124.62332916259766,27.332721710205078,39.26708984375,115.70653533935547,40.520057678222656,33.56724166870117,118.36298370361328
2020-08-05,106.5655746459961,202.39808654785156,11.24779987335205,83.78337860107422,178.60232543945312,125.62220764160156,27.37544059753418,39.71282196044922,115.4038314819336,39.95676803588867,33.860679626464844,121.4678726196289
2020-08-06,110.28358459472656,205.63925170898438,11.296382904052734,83.80925750732422,178.36647033691406,124.90267944335938,27.247282028198242,39.931488037109375,114.77251434326172,39.81516647338867,33.698516845703125,120.94587707519531
2020-08-07,107.77620697021484,201.96083068847656,11.160850524902344,85.65367889404297,181.87705993652344,125.79150390625,27.37544059753418,40.20061492919922,115.49899291992188,40.006004333496094,33.5440788269043,121.42285919189453
2020-08-10,109.34271240234375,197.94027709960938,11.126468658447266,86.73963928222656,182.84637451171875,125.30899810791016,27.332721710205078,40.13332748413086,115.97463989257812,40.59392547607422,34.370323181152344,127.81259155273438
2020-08-11,106.09087371826172,193.31137084960938,10.8125581741333,89.48043823242188,184.3134765625,124.41171264648438,26.905536651611328,40.3099479675293,115.22222900390625,40.07681655883789,34.72553634643555,128.27157592773438
2020-08-12,109.61671447753906,198.83375549316406,11.40077018737793,88.72196960449219,185.2478790283203,126.68883514404297,27.290006637573242,40.73044967651367,117.15078735351562,40.59700393676758,34.71765899658203,128.3075714111328
2020-08-13,111.55664825439453,198.36801147460938,11.403510093688965,88.23070526123047,181.98182678222656,125.28360748291016,27.17608642578125,40.68840408325195,117.42754364013672,40.75154495239258,33.86723709106445,126.59762573242188
2020-08-14,111.45723724365234,198.5580291748047,11.524093627929688,88.26519775390625,181.61508178710938,125.48677062988281,27.0977725982666,40.747276306152344,116.83948516845703,40.98334884643555,34.01685333251953,125.95866394042969
2020-08-17,111.16624450683594,199.86976623535156,12.294426918029785,85.9381103515625,177.3360137939453,126.12164306640625,27.304244995117188,40.545433044433594,117.18538665771484,41.91057205200195,33.57589340209961,124.84273529052734
2020-08-18,112.09260559082031,201.0198974609375,12.218439102172852,84.7400894165039,175.7990264892578,127.0528335571289,27.311363220214844,40.72205352783203,118.05887603759766,41.635498046875,33.41054153442383,124.52774810791016
2020-08-19,112.23323059082031,199.80027770996094,12.096611022949219,84.93832397460938,177.2923583984375,127.3067398071289,27.24015998840332,39.8389778137207,117.41889953613281,40.92462158203125,33.04043960571289,124.2127456665039
2020-08-20,114.72362518310547,204.44993591308594,12.099102020263672,83.92130279541016,176.2706298828125,128.17864990234375,27.567676544189453,39.822147369384766,118.35294342041016,40.355934143066406,32.53649139404297,123.72679138183594
2020-08-21,120.63562774658203,202.96359252929688,12.639731407165527,83.87820434570312,176.7771453857422,129.31300354003906,27.68159294128418,39.763282775878906,118.86320495605469,40.68354415893555,32.292381286621094,124.58171844482422
2020-08-24,122.07846069335938,203.60191345214844,12.67635440826416,86.23974609375,181.0648956298828,129.65383911132812,27.653104782104492,40.34358596801758,119.78857421875,40.590824127197266,33.24517059326172,127.50659942626953
2020-08-25,121.07694244384766,206.250732421875,12.706001281738281,86.61898040771484,179.89474487304688,129.5771484375,27.34695816040039,40.29312515258789,120.26422119140625,40.37446594238281,32.19002151489258,127.02963256835938
2020-08-26,122.7234878540039,210.70973205566406,12.728919982910156,85.40373229980469,180.96014404296875,129.7816925048828,27.090646743774414,40.50339126586914,119.68477630615234,40.3961067199707,31.504955291748047,127.64154815673828
2020-08-27,121.25640869140625,215.8834228515625,12.584671974182129,88.21343994140625,183.51881408691406,130.36114501953125,26.955373764038086,40.56224822998047,119.52911376953125,42.228919982910156,31.292362213134766,129.0275421142578
2020-08-28,121.05998229980469,218.10340881347656,13.102375984191895,88.5754623413086,181.38800048828125,130.9235382080078,26.99097442626953,41.907875061035156,120.013427734375,43.36323165893555,32.040409088134766,129.26153564453125
2020-08-31,125.16539001464844,214.88302612304688,13.32834529876709,86.351806640625,179.99107360839844,130.7275390625,26.905536651611328,41.655574798583984,119.63288116455078,42.915069580078125,31.449838638305664,128.07357788085938
2020-09-01,130.1510467529297,216.5408477783203,13.777424812316895,86.30870056152344,180.5094451904297,129.1169891357422,26.257638931274414,41.31075668334961,119.50313568115234,45.61638641357422,31.048250198364258,131.43943786621094
2020-09-02,127.45453643798828,220.7140350341797,14.30126953125,87.61013793945312,184.5332794189453,131.08543395996094,26.485471725463867,43.051658630371094,121.51824951171875,45.644187927246094,30.859262466430664,134.3373565673828
2020-09-03,117.25039672851562,207.04147338867188,12.974464416503906,87.33434295654297,182.3544158935547,127.43826293945312,25.915891647338867,42.45454025268555,119.57234191894531,44.673702239990234,30.796279907226562,132.07843017578125
2020-09-04,117.32801055908203,204.1355438232422,12.582703590393066,89.22187805175781,185.32395935058594,126.6202163696289,25.887413024902344,42.925514221191406,119.31292724609375,44.145179748535156,30.772645950317383,133.35633850097656
2020-09-08,109.43243408203125,193.09268188476562,11.875441551208496,86.11908721923828,177.891357421875,125.4868392944336,25.581266403198242,41.89105987548828,117.56594848632812,42.791439056396484,30.06397247314453,133.66236877441406
2020-09-09,113.79729461669922,201.31529235839844,12.674911499023438,86.93788146972656,177.66293334960938,127.56608581542969,25.759260177612305,42.21064758300781,119.47720336914062,43.23651123046875,29.882858276367188,137.4152069091797
2020-09-10,110.08230590820312,195.67469787597656,12.272932052612305,86.04153442382812,175.7212677001953,125.1886215209961,25.38191032409668,42.050846099853516,118.22321319580078,42.284549713134766,29.13480567932129,134.86830139160156
2020-09-11,108.63701629638672,194.3979949951172,12.126147270202637,87.1102523803711,176.52076721191406,125.92999267578125,25.680938720703125,42.942317962646484,119.46855163574219,42.25055694580078,29.056060791015625,138.44117736816406
2020-09-14,111.89615631103516,195.71287536621094,12.831665992736816,88.31687927246094,176.8897705078125,126.41572570800781,26.350194931030273,42.99319839477539,119.892333984375,42.44218063354492,28.867074966430664,138.15313720703125
2020-09-15,112.07077026367188,198.92372131347656,12.950041770935059,85.5674819946289,173.9553680419922,126.8758544921875,26.314594268798828,43.281455993652344,119.892333984375,42.45454406738281,28.559978485107422,133.73431396484375
2020-09-16,108.76315307617188,195.3698272705078,12.475042343139648,85.92948150634766,176.30992126464844,126.45831298828125,26.186443328857422,43.06101989746094,119.08802795410156,42.11456298828125,29.772619247436523,135.9932403564453
2020-09-17,107.02690124511719,193.3308563232422,12.42420482635498,84.94693756103516,171.17031860351562,125.41018676757812,26.214920043945312,42.857547760009766,118.93236541748047,42.247459411621094,29.76474952697754,138.47711181640625
2020-09-18,103.6319808959961,190.9298095703125,12.150818824768066,84.76595306396484,171.19671630859375,127.12296295166016,26.079647064208984,42.77277755737305,118.80261993408203,41.81475830078125,29.284412384033203,137.14520263671875
2020-09-21,106.77471160888672,192.97830200195312,12.477787971496582,82.14581298828125,170.44113159179688,123.64624786376953,25.645341873168945,41.61972427368164,118.23185729980469,42.36491394042969,28.685972213745117,130.79148864746094
2020-09-22,108.45274353027344,197.62791442871094,12.597904205322266,81.24948120117188,168.3501434326172,122.88780975341797,25.80909538269043,42.10299301147461,119.31292724609375,42.748172760009766,27.977285385131836,132.42938232421875
2020-09-23,103.90355682373047,191.120361328125,12.085525512695312,79.93080139160156,163.51805114746094,123.08381652832031,25.631107330322266,40.87363815307617,117.88589477539062,42.03112030029297,27.07961654663086,129.93650817871094
2020-09-24,104.97053527832031,193.59762573242188,12.309067726135254,79.86184692382812,171.4163360595703,123.27977752685547,25.460229873657227,41.28907775878906,118.41346740722656,42.25055694580078,27.024499893188477,130.62045288085938
2020-09-25,108.90863037109375,198.00906372070312,12.833161354064941,80.55996704101562,171.27574157714844,124.12344360351562,25.666702270507812,41.306034088134766,119.01883697509766,42.426727294921875,27.276477813720703,131.31346130371094
2020-09-28,111.5081787109375,199.5525665283203,12.993901252746582,82.87840270996094,174.8954315185547,125.35901641845703,25.908771514892578,41.78081512451172,119.35615539550781,42.42053985595703,27.80405044555664,132.90638732910156
2020-09-29,110.66429138183594,197.47552490234375,13.184054374694824,82.1802978515625,172.89231872558594,125.31639862060547,25.752138137817383,41.47559356689453,118.7074966430664,42.38654327392578,26.992998123168945,132.6634063720703
2020-09-30,112.33264923095703,200.4005889892578,13.487841606140137,82.9732437133789,176.56471252441406,126.86734008789062,26.129480361938477,41.85711669921875,120.20368194580078,43.24268341064453,27.032371520996094,134.22930908203125
2020-10-01,113.2832260131836,202.4300079345703,13.571578025817871,83.57655334472656,174.43858337402344,125.53800201416016,25.894533157348633,41.69602966308594,120.41986083984375,44.222450256347656,26.08745765686035,132.03338623046875
2020-10-02,109.62641143798828,196.45602416992188,13.021068572998047,84.36947631835938,175.62461853027344,124.61766815185547,25.901653289794922,41.84864044189453,119.45124816894531,43.42503356933594,25.96934700012207,134.94032287597656
2020-10-05,113.00192260742188,200.44818115234375,13.5994873046875,86.15272521972656,177.29391479492188,126.3134536743164,26.165084838867188,41.86559295654297,120.54960632324219,43.82683563232422,26.56778907775879,138.13514709472656
2020-10-06,109.76220703125,196.18919372558594,13.693192481994629,85.26545715332031,176.67013549804688,124.63473510742188,25.752138137817383,41.4925537109375,120.73988342285156,43.4652214050293,26.29218292236328,136.37123107910156
2020-10-07,111.62458038330078,199.9241943359375,13.919976234436035,86.75296783447266,178.8753662109375,126.01521301269531,25.96572494506836,42.01820373535156,121.68253326416016,43.54558181762695,26.378812789916992,139.287109375
2020-10-08,111.51786804199219,200.63877868652344,13.795119285583496,88.53619384765625,182.72344970703125,126.8758544921875,26.26475715637207,42.78125,122.50413513183594,43.69084548950195,27.764686584472656,140.98802185058594
2020-10-09,113.45781707763672,205.6218719482422,13.719359397888184,88.03166961669922,182.33682250976562,128.6483154296875,26.19356346130371,43.077980041503906,123.60250091552734,44.129730224609375,27.355215072631836,143.03993225097656
2020-10-12,120.66472625732422,210.94793701171875,14.181146621704102,89.11032104492188,188.11778259277344,129.38970947265625,26.214920043945312,43.315372467041016,124.96028900146484,44.58406448364258,27.26860237121582,146.3428192138672
2020-10-13,117.46380615234375,212.33901977539062,14.203326225280762,87.66629791259766,185.2097625732422,126.42422485351562,26.271879196166992,42.5777702331543,124.71814727783203,45.196041107177734,26.94576072692871,145.90184020996094
2020-10-14,117.55110931396484,210.4334716796875,14.050808906555176,87.17918395996094,185.5787353515625,126.2026596069336,26.2434024810791,42.492984771728516,124.57108306884766,44.488258361816406,26.8906307220459,147.24276733398438
2020-10-15,117.08551788330078,209.2901153564453,13.925956726074219,88.48401641845703,183.26815795898438,125.4272232055664,26.022682189941406,42.38277053833008,124.38947296142578,44.670616149902344,27.126869201660156,148.52972412109375
2020-10-16,115.44625854492188,209.2901153564453,13.76795482635498,88.30133819580078,181.1683807373047,126.2026596069336,27.019453048706055,42.41667175292969,124.87379455566406,44.726253509521484,26.851259231567383,151.8685760498047
2020-10-19,112.49754333496094,204.10691833496094,13.455196380615234,86.8138427734375,180.71151733398438,122.9815444946289,26.912649154663086,42.06907272338867,122.72901153564453,44.18227767944336,26.31580924987793,150.7706298828125
2020-10-20,113.98162078857422,204.51661682128906,13.60247802734375,87.3096923828125,182.767333984375,123.17755126953125,26.691946029663086,42.60319900512695,123.22196197509766,44.47589111328125,26.536298751831055,152.0845489501953
2020-10-21,113.36082458496094,204.6595458984375,13.482111930847168,86.43978881835938,178.2691192626953,122.6491928100586,26.400039672851562,42.38277053833008,123.88790130615234,44.630428314208984,26.111082077026367,150.65365600585938
2020-10-22,112.27446746826172,204.74530029296875,13.318877220153809,89.49305725097656,180.45677185058594,123.6291732788086,26.64922332763672,42.96776580810547,123.01043701171875,44.36771774291992,27.449710845947266,152.68756103515625
2020-10-23,111.58576965332031,206.02206420898438,13.547403335571289,90.30206298828125,180.1404571533203,123.76551818847656,27.18320083618164,42.832122802734375,123.81919860839844,44.4604377746582,26.89851188659668,152.6513214111328
2020-10-26,111.59548950195312,200.16236877441406,13.099820137023926,88.06647491455078,176.7140655517578,122.68331909179688,26.998092651367188,42.2216796875,122.87997436523438,43.9380989074707,26.260696411132812,147.77088928222656
2020-10-27,113.09892272949219,203.1826629638672,13.354513168334961,86.40499114990234,171.91709899902344,121.98455810546875,26.64922332763672,42.30646514892578,123.80178833007812,44.15755081176758,25.84335708618164,142.98101806640625
2020-10-28,107.86107635498047,193.11172485351562,12.587190628051758,83.9780502319336,166.7248077392578,117.90276336669922,25.239517211914062,40.66168975830078,119.71448516845703,43.28286361694336,24.85907554626465,136.8691864013672
2020-10-29,111.85736846923828,195.05540466308594,12.98293685913086,84.52606201171875,166.87417602539062,116.90576171875,25.118480682373047,40.71255111694336,119.63622283935547,43.24577713012695,25.961471557617188,140.0473175048828
2020-10-30,105.59132385253906,192.91162109375,12.49448299407959,85.28285217285156,166.08343505859375,116.83759307861328,25.26087760925293,40.74646759033203,119.22752380371094,42.884159088134766,25.685871124267578,142.2023162841797
2020-11-02,105.50403594970703,192.77830505371094,12.54108715057373,87.2052993774414,167.10260009765625,118.18397521972656,25.79485511779785,41.221248626708984,120.44498443603516,43.39413070678711,26.7646484375,147.8343048095703
2020-11-03,107.1239013671875,196.6846466064453,12.978453636169434,89.95411682128906,173.8938446044922,118.02205657958984,25.766372680664062,41.84016418457031,122.81041717529297,44.129730224609375,26.307939529418945,151.83644104003906
2020-11-04,111.49846649169922,206.17446899414062,13.750757217407227,87.2052993774414,173.84115600585938,118.78898620605469,26.578025817871094,41.68755340576172,122.3060302734375,43.87629318237305,26.16620635986328,140.5543975830078
2020-11-05,115.4559555053711,212.7487030029297,14.1153564453125,90.77178192138672,178.3130340576172,119.09577941894531,26.17522430419922,41.91646194458008,123.81919860839844,44.342994689941406,26.11895751953125,147.67132568359375
2020-11-06,115.32477569580078,213.15846252441406,14.516090393066406,89.5626449584961,176.81948852539062,121.21759033203125,26.18241310119629,41.9249382019043,124.55835723876953,45.053863525390625,25.811857223510742,146.04150390625
2020-11-09,113.02197265625,208.08006286621094,13.587774276733398,101.68875885009766,188.8294219970703,124.48133850097656,28.196443557739258,44.57014846801758,120.00149536132812,44.364620208740234,29.07968521118164,154.6704864501953
2020-11-10,112.68191528320312,201.04847717285156,12.729741096496582,101.35818481445312,191.06100463867188,126.3560562133789,27.822406768798828,45.765586853027344,121.9755630493164,44.98896789550781,29.724824905395508,156.01058959960938
2020-11-11,116.10213470458984,206.32687377929688,13.375696182250977,99.84461975097656,191.57058715820312,125.94698333740234,27.69293975830078,45.42646026611328,123.54961395263672,45.73691940307617,29.41838264465332,153.43905639648438
2020-11-12,115.83006286621094,205.26930236816406,13.414323806762695,98.61808776855469,188.4604034423828,126.37310028076172,27.009607315063477,44.94319152832031,123.61917114257812,45.814178466796875,28.410350799560547,153.1403045654297
2020-11-13,115.87862396240234,206.28883361816406,13.255077362060547,99.2356948852539,192.47549438476562,127.73651885986328,27.77924919128418,45.31624221801758,125.47150421142578,46.52813720703125,29.09581756591797,155.4763946533203
2020-11-16,116.88912200927734,206.97483825683594,13.472638130187988,102.03673553466797,195.3747100830078,128.54603576660156,26.851360321044922,45.65536880493164,123.86266326904297,47.11539840698242,30.773178100585938,156.8164520263672
2020-11-17,116.00495910644531,204.33558654785156,13.379932403564453,101.00155639648438,197.36904907226562,127.26785278320312,27.323331832885742,45.51124572753906,123.38435363769531,46.16653823852539,31.18446159362793,155.65748596191406
2020-11-18,114.68348693847656,201.64170837402344,13.38641357421875,100.25344848632812,197.06155395507812,125.5805892944336,27.53561019897461,44.60406494140625,121.48856353759766,46.07999038696289,30.007064819335938,156.40899658203125
2020-11-19,115.27621459960938,202.9217529296875,13.397875785827637,100.52311706542969,197.2987823486328,125.38457489013672,27.437053680419922,45.04494094848633,121.34069061279297,47.01649475097656,30.160289764404297,156.55384826660156
2020-11-20,114.0130615234375,200.9825439453125,13.046487808227539,99.66194152832031,196.22694396972656,124.71990966796875,27.823707580566406,44.654937744140625,121.14070892333984,46.435428619384766,29.78934097290039,155.9472198486328
2020-11-23,110.62203216552734,200.71507263183594,13.098573684692383,102.53255462646484,201.0414581298828,123.449951171875,27.68724250793457,44.663421630859375,120.6711196899414,46.6486930847168,31.740886688232422,158.25616455078125
2020-11-24,111.90460205078125,204.29737854003906,12.916897773742676,107.27336883544922,208.65859985351562,123.449951171875,27.747886657714844,45.121238708496094,120.27973937988281,46.781593322753906,33.85371398925781,160.17572021484375
2020-11-25,112.74020385742188,204.3069305419922,13.193023681640625,106.15121459960938,207.815185546875,123.28693389892578,27.694822311401367,44.8753776550293,120.60152435302734,46.92685317993164,32.91020202636719,158.12026977539062
2020-11-27,113.28431701660156,205.60614013671875,13.219437599182129,105.44662475585938,206.8135986328125,123.5615463256836,28.225513458251953,44.68037796020508,120.54065704345703,46.855770111083984,32.410221099853516,158.52777099609375
2020-11-30,115.67457580566406,204.4980010986328,13.359249114990234,102.54124450683594,202.57894897460938,124.14502716064453,29.04430389404297,44.090789794921875,120.76676177978516,47.22357177734375,30.748985290527344,157.17868041992188
2020-12-01,119.24052429199219,206.5423126220703,13.347785949707031,104.15921020507812,205.0081787109375,126.52186584472656,29.878265380859375,44.46675491333008,121.2015609741211,47.177215576171875,31.047361373901367,156.87982177734375
2020-12-02,119.59033203125,205.73988342285156,13.50179672241211,106.15994262695312,209.92840576171875,127.11396789550781,30.932064056396484,44.52656555175781,120.3232650756836,46.521968841552734,32.20861053466797,157.4321746826172
2020-12-03,119.45431518554688,204.660400390625,13.357707977294922,105.46401977539062,208.00271606445312,127.85186767578125,30.3937931060791,45.09906768798828,119.43620300292969,46.1448974609375,32.42634582519531,158.12026977539062
2020-12-04,118.78385925292969,204.7750244140625,13.519497871398926,106.42089080810547,211.63328552246094,128.94161987304688,30.583328247070312,46.01335144042969,119.54926300048828,46.024356842041016,33.61180114746094,164.98367309570312
2020-12-07,120.2413330078125,204.7081298828125,13.567858695983887,106.02074432373047,210.63507080078125,127.82614135742188,31.273231506347656,45.278499603271484,119.73187255859375,45.77709197998047,32.98278045654297,161.81459045410156
2020-12-08,120.85344696044922,206.3512420654297,13.311842918395996,106.1251449584961,210.9796142578125,130.03990173339844,32.266395568847656,45.44084930419922,120.05366516113281,46.191253662109375,34.06339645385742,161.93228149414062
2020-12-09,118.3271713256836,202.3294677734375,12.893790245056152,105.29875183105469,214.49534606933594,131.36996459960938,31.728116989135742,45.56902313232422,118.62744140625,45.82655715942383,34.514991760253906,163.04600524902344
2020-12-10,119.74578094482422,201.1067352294922,12.935172080993652,104.6202392578125,215.8910369873047,130.6405792236328,31.63713836669922,45.32977294921875,117.84476470947266,45.612510681152344,35.49076843261719,161.9413299560547
2020-12-11,118.9393081665039,203.72422790527344,12.976054191589355,104.00264739990234,211.99546813964844,131.24119567871094,31.1746768951416,45.586116790771484,118.71440887451172,45.6001091003418,35.3214111328125,162.33975219726562
2020-12-14,118.3271713256836,204.62216186523438,13.270712852478027,102.90658569335938,210.05210876464844,127.9119644165039,29.72663688659668,45.51774978637695,118.14044189453125,45.18132400512695,34.04725646972656,161.2169952392578
2020-12-15,124.25420379638672,204.55532836914062,13.32231330871582,104.6637191772461,214.15084838867188,129.1990203857422,29.347570419311523,46.00480651855469,118.8361587524414,45.15961456298828,34.70853805541992,164.55813598632812
2020-12-16,124.18621063232422,209.4750518798828,13.20465087890625,104.96819305419922,215.3345489501953,128.4267578125,28.687984466552734,45.33831787109375,119.37532043457031,45.11307907104492,35.24076843261719,162.52987670898438
2020-12-17,125.05096435546875,209.60873413085938,13.303117752075195,104.09832000732422,215.9175567626953,131.8161163330078,28.83202362060547,45.51774978637695,120.22759246826172,45.32091522216797,35.06336212158203,162.23109436035156
2020-12-18,123.06881713867188,208.81588745117188,13.234064102172852,103.58509826660156,213.88587951660156,132.57981872558594,28.56668472290039,45.91935729980469,120.91458892822266,45.27439498901367,34.45853805541992,163.8518524169922
2020-12-21,124.59432220458984,212.63702392578125,13.29414176940918,107.47345733642578,227.00360107421875,131.30126953125,28.3392391204834,45.124698638916016,119.59272766113281,45.28058624267578,33.82952880859375,163.1274871826172
2020-12-22,128.14083862304688,213.92666625976562,13.240296363830566,105.83805847167969,220.91732788085938,131.0438995361328,27.854036331176758,45.08197784423828,118.74918365478516,44.73153305053711,33.256961822509766,159.88595581054688
2020-12-23,127.24690246582031,211.13720703125,12.972066879272461,108.7956771850586,226.53543090820312,130.3745880126953,28.38473129272461,45.355411529541016,118.5665512084961,44.42753982543945,33.68437194824219,161.552001953125
2020-12-24,128.228271484375,212.7898712158203,12.956609725952148,108.31721496582031,226.2792510986328,130.82937622070312,28.255842208862305,45.66300964355469,119.76666259765625,44.51438522338867,33.547279357910156,162.584228515625
2020-12-28,132.814453125,214.9010772705078,12.863127708435059,109.030517578125,229.30914306640625,131.4471435546875,27.91468620300293,46.27824401855469,120.60152435302734,45.04793930053711,33.66017150878906,161.50672912597656
2020-12-29,131.04605102539062,214.12725830078125,12.90625286102295,108.74346923828125,227.91346740722656,132.2623291015625,28.089052200317383,46.25260543823242,120.37542724609375,44.76253890991211,33.281158447265625,159.9492950439453
2020-12-30,129.9286651611328,211.7677001953125,13.108176231384277,109.04793548583984,229.18553161621094,133.9012451171875,27.854036331176758,46.51749038696289,119.8101806640625,44.7253303527832,33.547279357910156,163.0188446044922
2020-12-31,128.9278106689453,212.47463989257812,13.017685890197754,110.5354232788086,232.94857788085938,135.04244995117188,27.907102584838867,46.85927963256836,121.0015640258789,44.71601104736328,33.240840911865234,164.81163024902344
2021-01-04,125.74085235595703,207.95611572265625,13.076018333435059,109.49158477783203,234.08810424804688,134.287353515625,27.907102584838867,45.08197784423828,119.8536376953125,45.454315185546875,33.46664810180664,164.9293670654297
2021-01-05,127.29548645019531,208.15670776367188,13.366436958312988,110.08734130859375,239.32638549804688,135.8662109375,28.195192337036133,44.58637237548828,120.61890411376953,45.21234893798828,35.07948684692383,166.2784881591797
2021-01-06,123.01051330566406,202.75941467285156,12.578444480895996,115.25659942626953,252.24093627929688,137.1446990966797,27.952585220336914,43.167964935302734,121.88861083984375,45.494632720947266,35.97461700439453,175.5322723388672
2021-01-07,127.20804595947266,208.529296875,13.305859565734863,119.04151916503906,257.62939453125,137.6080780029297,28.096635818481445,42.689453125,120.74937438964844,45.49153137207031,36.256866455078125,175.86727905273438
2021-01-08,128.30599975585938,209.79981994628906,13.238801956176758,119.17294311523438,256.2425231933594,137.32489013671875,28.149703979492188,43.646453857421875,120.69718170166016,45.485328674316406,36.660072326660156,175.89450073242188
2021-01-11,125.32304382324219,207.7650146484375,13.58256721496582,120.95150756835938,259.5550537109375,136.75,28.63491439819336,42.8945198059082,119.87969207763672,45.6900634765625,37.772953033447266,175.5322723388672
2021-01-12,125.14814758300781,205.31948852539062,13.446208000183105,122.85271453857422,266.95751953125,135.68603515625,28.187606811523438,42.817623138427734,119.18401336669922,46.211212158203125,38.611629486083984,178.8643798828125
2021-01-13,127.17886352539062,206.66647338867188,13.493067741394043,122.96663665771484,267.6024169921875,135.4800567626953,27.945009231567383,42.860355377197266,119.36662292480469,45.73970031738281,39.04710388183594,177.370361328125
2021-01-14,125.25502014160156,203.49496459960938,13.162520408630371,123.68505859375,271.95733642578125,137.84832763671875,27.861614227294922,42.06568908691406,118.09695434570312,45.590797424316406,40.57123947143555,178.7375946044922
2021-01-15,123.53518676757812,203.14146423339844,12.82274341583252,121.46845245361328,265.8975830078125,137.5480194091797,27.823707580566406,41.61281204223633,117.20990753173828,44.86801528930664,38.619693756103516,176.22042846679688
2021-01-19,124.20564270019531,206.76202392578125,12.988020896911621,120.94275665283203,259.8819580078125,139.67599487304688,27.84644889831543,41.45047378540039,116.1837387084961,44.48026657104492,39.38579177856445,176.6482391357422
2021-01-20,128.28652954101562,214.3087921142578,13.327545166015625,119.129150390625,256.5870056152344,139.332763671875,27.672073364257812,41.595726013183594,114.73145294189453,45.13789749145508,39.942222595214844,175.08255004882812
2021-01-21,132.98934936523438,214.9105987548828,13.827864646911621,118.13034057617188,255.6153564453125,138.77503967285156,27.65691375732422,41.82643127441406,114.61859893798828,44.933162689208984,38.79710388183594,174.946044921875
2021-01-22,135.12696838378906,215.84674072265625,13.673306465148926,117.21913146972656,255.63296508789062,140.33673095703125,27.70998191833496,41.433380126953125,113.73495483398438,45.39227294921875,38.24873352050781,174.718505859375
2021-01-25,138.86778259277344,219.26669311523438,13.614225387573242,115.7559585571289,250.02374267578125,142.4218292236328,28.263423919677734,41.681175231933594,115.69471740722656,45.35194396972656,37.82133483886719,170.53118896484375
2021-01-26,139.1010284423828,221.94146728515625,13.396846771240234,115.28287506103516,248.8930206298828,146.28309631347656,28.286170959472656,42.11696243286133,116.4383544921875,45.75830841064453,36.9907112121582,170.41285705566406
2021-01-27,138.03221130371094,222.4860076904297,12.880828857421875,112.02362060546875,241.44635009765625,144.0521240234375,27.474960327148438,41.46755599975586,112.31766510009766,44.61985397338867,36.57136917114258,164.4232635498047
2021-01-28,133.20310974121094,228.2463836669922,13.013697624206543,113.99494934082031,242.939208984375,145.1504669189453,27.482627868652344,41.997337341308594,114.0499267578125,44.59194564819336,37.14393615722656,167.8003387451172
2021-01-29,128.2185516357422,221.58804321289062,12.952622413635254,112.7332763671875,239.5384063720703,139.97634887695312,27.513280868530273,41.142860412597656,112.1689224243164,43.5806770324707,36.160099029541016,166.43496704101562
2021-02-01,130.33673095703125,228.9341583251953,13.199166297912598,113.56563568115234,242.68312072753906,139.61593627929688,27.4366397857666,41.42483139038086,112.83384704589844,43.20222091674805,36.224613189697266,168.14627075195312
2021-02-02,131.1626434326172,228.80044555664062,13.518003463745117,117.06144714355469,253.4952850341797,138.3631591796875,26.81587028503418,41.83498001098633,112.67636108398438,43.66753387451172,36.79717254638672,175.228271484375
2021-02-03,130.14242553710938,232.1344451904297,13.491826057434082,118.40191650390625,254.8909912109375,137.7196044921875,26.70091438293457,41.67262649536133,112.81631469726562,43.80091094970703,38.24066925048828,174.27243041992188
2021-02-04,133.49461364746094,231.18865966796875,13.625195503234863,121.12675476074219,259.4844055175781,138.99815368652344,26.739227294921875,41.8776969909668,112.88634490966797,44.21348571777344,38.97452163696289,174.45445251464844
2021-02-05,133.08102416992188,231.37017822265625,13.552152633666992,120.89017486572266,259.26361083984375,141.10897827148438,26.762226104736328,42.424560546875,113.35877227783203,44.78116989135742,40.280921936035156,175.68333435058594
2021-02-08,133.2270050048828,231.62808227539062,14.397480964660645,122.78263854980469,265.1378479003906,141.5122833251953,26.685579299926758,42.65528106689453,113.0088119506836,44.98900604248047,42.014732360839844,179.73410034179688
2021-02-09,132.35118103027344,232.86997985839844,14.222480773925781,122.2919921875,265.41168212890625,142.67068481445312,26.8005428314209,42.46729278564453,112.57137298583984,45.23716735839844,41.52265930175781,179.57933044433594
2021-02-10,131.74789428710938,231.96241760253906,14.722051620483398,122.3620834350586,268.7861328125,143.13401794433594,26.624279022216797,42.381839752197266,112.17765808105469,44.70981979370117,41.924522399902344,179.9798583984375
2021-02-11,131.4948272705078,233.5577850341797,15.207160949707031,122.02040100097656,267.0547180175781,142.49049377441406,26.38669204711914,42.9799690246582,112.27391052246094,44.675697326660156,40.87477111816406,180.5533905029297
2021-02-12,131.72837829589844,234.03543090820312,14.918486595153809,123.75518035888672,270.588134765625,142.93667602539062,26.60894775390625,43.31321334838867,111.6527328491211,44.81528854370117,41.43245315551758,180.22564697265625
2021-02-16,129.6070556640625,232.8031005859375,15.286430358886719,126.7340087890625,275.5701904296875,141.6409912109375,26.585948944091797,42.954345703125,111.91520690917969,45.18442916870117,42.67904281616211,184.2217559814453
2021-02-17,127.32028198242188,233.8180389404297,14.863393783569336,127.12834167480469,276.2592468261719,142.1472930908203,26.739227294921875,42.834716796875,112.38764953613281,45.66214370727539,43.34334182739258,184.14894104003906
2021-02-18,126.22067260742188,233.4254608154297,14.786617279052734,127.55760955810547,273.75048828125,142.2158966064453,26.486328125,43.38157653808594,113.32377624511719,42.70280456542969,42.66263198852539,181.9824981689453
2021-02-19,126.37635803222656,230.72531127929688,14.88383674621582,129.68666076660156,278.80328369140625,139.84767150878906,26.394359588623047,42.817623138427734,111.2153091430664,42.91372299194336,42.949676513671875,191.07611083984375
2021-02-22,122.61048126220703,224.5399932861328,14.314716339111328,130.90451049804688,279.9075012207031,139.7612762451172,26.256406784057617,43.2619514465332,110.74286651611328,42.712100982666016,44.532508850097656,198.494873046875
2021-02-23,122.4742431640625,223.35272216796875,14.101576805114746,131.9558868408203,281.9745178222656,138.52659606933594,25.98817253112793,43.1850471496582,111.56525421142578,42.02344512939453,45.14759826660156,200.42471313476562
2021-02-24,121.97794342041016,224.57830810546875,14.457557678222656,134.27761840820312,292.0712585449219,140.38296508789062,25.865549087524414,43.330299377441406,111.68775177001953,41.3223762512207,46.500797271728516,202.50921630859375
2021-02-25,117.7352523803711,219.25466918945312,13.269464492797852,132.4552764892578,289.5271911621094,140.52972412109375,25.919191360473633,42.8688850402832,110.74286651611328,40.9315185546875,45.72987747192383,201.91751098632812
2021-02-26,117.99799346923828,222.5005645751953,13.675301551818848,128.94190979003906,282.2129821777344,136.8170623779297,25.666290283203125,41.86061477661133,108.074462890625,40.30181121826172,44.58991622924805,196.510498046875
2021-03-01,124.3523178100586,226.86669921875,13.80218505859375,131.85946655273438,292.5799865722656,137.55960083007812,25.819570541381836,42.63818359375,108.7393569946289,40.751609802246094,46.2547607421875,200.04234313964844
2021-03-02,121.754150390625,223.92718505859375,13.367932319641113,131.43016052246094,293.4844970703125,137.30056762695312,25.68161964416504,42.809085845947266,108.3981704711914,40.360748291015625,45.98412322998047,196.4558868408203
2021-03-03,118.77647399902344,217.8854522705078,12.768150329589844,133.9710235595703,296.5795593261719,134.8829803466797,26.35604476928711,42.70653533935547,107.7507553100586,39.57903289794922,46.353172302246094,195.6275177001953
2021-03-04,116.89837646484375,217.0907440185547,12.334891319274902,131.91207885742188,292.02130126953125,132.1632537841797,26.21042251586914,42.67236328125,106.86713409423828,39.5604248046875,48.14924240112305,193.6794891357422
2021-03-05,118.1536865234375,221.7537078857422,12.425881385803223,132.2186737060547,290.3185729980469,134.7794189453125,26.35604476928711,43.398658752441406,110.21794128417969,40.05364227294922,49.96989822387695,200.406494140625
2021-03-08,113.22980499267578,217.72268676757812,11.560112953186035,133.9710235595703,296.36669921875,135.90184020996094,26.325382232666016,44.124969482421875,111.38153076171875,39.66898727416992,49.92070007324219,201.69908142089844
2021-03-09,117.83256530761719,223.84103393554688,12.488771438598633,133.0247802734375,293.1741943359375,136.16079711914062,26.402019500732422,43.45848083496094,110.3929214477539,39.9822883605957,49.149776458740234,197.347900390625
2021-03-10,116.75241088867188,222.53884887695312,12.436904907226562,135.91600036621094,303.3105773925781,137.41282653808594,26.769886016845703,43.954071044921875,111.40777587890625,41.00287628173828,50.65880584716797,201.22572326660156
2021-03-11,118.67914581298828,227.04856872558594,12.960831642150879,135.2063446044922,303.3814697265625,137.40415954589844,26.601282119750977,43.4755744934082,111.03157043457031,40.98735809326172,50.28154754638672,200.04234313964844
2021-03-12,117.774169921875,225.727294921875,12.823677062988281,136.80970764160156,309.3320007324219,137.80133056640625,26.777551651000977,43.389408111572266,112.10768127441406,41.60466766357422,50.82282638549805,208.45333862304688
2021-03-15,120.65455627441406,224.82723999023438,13.15808391571045,136.1262969970703,306.8843994140625,138.5093231201172,27.13775062561035,43.966670989990234,112.47512817382812,41.3906135559082,49.52703094482422,210.03720092773438
2021-03-16,122.1920394897461,227.60394287109375,13.257835388183594,134.49667358398438,303.03564453125,139.32960510253906,27.459638595581055,44.13037109375,112.80760192871094,41.378211975097656,48.4772834777832,206.1412353515625
2021-03-17,121.4038314819336,226.9624481201172,13.307709693908691,135.88096618652344,305.90887451171875,138.81153869628906,27.42898178100586,44.14759826660156,112.35264587402344,41.03389358520508,48.690513610839844,212.66787719726562
2021-03-18,117.28763580322266,220.91111755371094,12.690512657165527,138.1239471435547,308.6137390136719,138.552490234375,27.413652420043945,43.570343017578125,112.59761810302734,40.498111724853516,46.591007232666016,209.98255920410156
2021-03-19,116.76215362548828,220.5568389892578,12.813454627990723,135.92478942871094,305.24383544921875,138.18121337890625,27.229713439941406,43.77712631225586,111.99394226074219,41.03700637817383,46.32857131958008,205.07618713378906
2021-03-22,120.07069396972656,225.9571075439453,13.153099060058594,132.2712860107422,300.92498779296875,138.57839965820312,27.589921951293945,43.940818786621094,113.89244079589844,41.233253479003906,45.8528938293457,205.7406768798828
2021-03-23,119.2435531616211,227.47946166992188,13.03788948059082,130.94830322265625,294.22052001953125,138.4488983154297,27.099437713623047,44.27684020996094,116.00968170166016,41.72230911254883,45.28702163696289,198.66786193847656
2021-03-24,116.85946655273438,225.44964599609375,12.611214637756348,131.964599609375,291.4537353515625,139.7958221435547,27.29102897644043,44.38883972167969,115.97465515136719,41.46376037597656,46.20554733276367,201.38050842285156
2021-03-25,117.34600067138672,222.4622344970703,12.503731727600098,133.65557861328125,293.138671875,139.84765625,27.33700942993164,44.81964111328125,116.779541015625,41.744110107421875,46.07432556152344,204.1295166015625
2021-03-26,117.94932556152344,226.4262237548828,12.806967735290527,135.88096618652344,290.3363342285156,142.40335083007812,27.78152084350586,45.698455810546875,118.50310516357422,42.092994689941406,47.32910919189453,208.90843200683594
2021-03-29,118.1244888305664,225.23892211914062,12.915696144104004,133.7694854736328,288.8642578125,143.36172485351562,28.065080642700195,46.396331787109375,120.35784149169922,42.57270050048828,47.074886322021484,209.56382751464844
2021-03-30,116.67455291748047,221.99307250976562,12.839388847351074,135.34652709960938,294.4334411621094,142.47239685058594,27.674222946166992,45.79323196411133,118.50310516357422,42.282997131347656,46.49259567260742,212.16722106933594
2021-03-31,118.86402130126953,225.7464141845703,13.314690589904785,133.37522888183594,289.9904479980469,141.902587890625,27.76618766784668,45.41413116455078,118.485595703125,42.311038970947266,45.78729248046875,211.0657958984375
2021-04-01,119.69116973876953,232.04669189453125,13.777026176452637,134.67196655273438,290.55804443359375,140.5901641845703,27.819833755493164,45.2418212890625,117.47947692871094,42.245628356933594,47.066673278808594,211.85775756835938
2021-04-05,122.51318359375,238.48097229003906,13.9523344039917,135.38577270507812,286.9221496582031,141.10821533203125,27.804506301879883,45.50029373168945,119.37796020507812,43.43244171142578,46.33677291870117,212.74073791503906
2021-04-06,122.81482696533203,237.32244873046875,13.826650619506836,134.43394470214844,290.0436706542969,141.07366943359375,27.62824058532715,45.82768630981445,119.42169952392578,43.641136169433594,46.20554733276367,209.94618225097656
2021-04-07,124.4593505859375,239.27569580078125,14.107938766479492,136.540283203125,289.5914001464844,141.263671875,27.520944595336914,45.90523147583008,119.63168334960938,43.547698974609375,46.410587310791016,209.73680114746094
2021-04-08,126.85319519042969,242.48324584960938,14.281004905700684,136.70770263671875,293.6619567871094,140.7110137939453,27.559261322021484,45.76738357543945,120.08661651611328,43.5196647644043,45.92671585083008,209.8004913330078
2021-04-09,129.4221649169922,244.97274780273438,14.363795280456543,137.73001098632812,293.36932373046875,139.2259521484375,28.049747467041016,45.819068908691406,119.30796813964844,43.54145812988281,45.820098876953125,210.04627990722656
2021-04-12,127.70951080322266,245.03021240234375,15.170762062072754,137.43919372558594,294.2826843261719,139.5626678466797,28.33331298828125,45.96554946899414,119.7891616821289,43.547698974609375,45.51665115356445,210.21014404296875
2021-04-13,130.81369018554688,247.50051879882812,15.640081405639648,135.79995727539062,290.5935363769531,137.69773864746094,28.478925704956055,45.741539001464844,118.20563507080078,43.41374969482422,45.688880920410156,208.7719268798828
2021-04-14,128.47824096679688,244.7238006591797,15.238591194152832,133.2617950439453,297.3953857421875,138.07762145996094,28.486589431762695,45.73291778564453,118.63433074951172,43.398170471191406,47.00927734375,211.71209716796875
2021-04-15,130.8818359375,248.46759033203125,16.09668731689453,134.10787963867188,300.2332458496094,138.4834442138672,28.816131591796875,45.94831466674805,120.06913757324219,43.65983963012695,46.73042678833008,211.6575164794922
2021-04-16,130.55096435546875,249.65481567382812,15.8724946975708,135.10377502441406,303.5676574707031,140.08074951171875,29.55953598022461,46.24985885620117,120.07787322998047,43.800010681152344,46.46799850463867,212.42210388183594
2021-04-19,131.21266174316406,247.7398681640625,15.323126792907715,134.53089904785156,304.2594299316406,140.4692840576172,29.835426330566406,46.52557373046875,119.51795196533203,43.5196647644043,46.32037353515625,211.53915405273438
2021-04-20,129.5292205810547,247.2802734375,15.133109092712402,131.55209350585938,294.31817626953125,143.74166870117188,29.91207504272461,46.67204284667969,120.51531219482422,43.8560791015625,45.344425201416016,207.2062225341797
2021-04-21,129.90872192382812,249.5016632080078,15.321881294250488,132.67137145996094,297.3244934082031,143.83660888671875,30.295265197753906,47.05113983154297,119.72795104980469,43.98379135131836,45.92671585083008,211.6028594970703
2021-04-22,128.39071655273438,246.23663330078125,14.812914848327637,129.87762451171875,293.40478515625,142.61915588378906,29.61318016052246,46.9046745300293,118.53927612304688,43.5071907043457,45.328025817871094,208.35321044921875
2021-04-23,130.7066650390625,250.04745483398438,15.226872444152832,132.36288452148438,300.9427185058594,142.91275024414062,29.628509521484375,46.93052291870117,117.9317626953125,43.5788459777832,45.57405471801758,210.4105682373047
2021-04-26,131.09588623046875,250.430419921875,15.4390869140625,132.68899536132812,304.6407775878906,141.70396423339844,29.64383888244629,46.23264694213867,115.57203674316406,42.958961486816406,45.66427230834961,210.82203674316406
2021-04-27,130.77479553222656,250.83255004882812,15.343077659606934,133.2970733642578,307.3987731933594,140.8923797607422,29.467565536499023,46.1637077331543,115.50160217285156,43.10536575317383,46.26296615600586,210.62086486816406
2021-04-28,129.98654174804688,243.73757934570312,15.238341331481934,134.1607666015625,308.7112731933594,139.85626220703125,29.743465423583984,46.17232894897461,115.69529724121094,42.952728271484375,47.657161712646484,212.41305541992188
2021-04-29,129.8892364501953,241.77474975585938,15.28622055053711,136.7694091796875,313.02130126953125,141.77305603027344,29.582521438598633,46.74958419799805,116.67265319824219,43.494747161865234,48.337860107421875,207.99658203125
2021-04-30,127.92362976074219,241.45875549316406,14.971763610839844,135.55320739746094,309.01275634765625,140.5037841796875,29.6208438873291,46.50834655761719,117.47386932373047,43.58196258544922,46.943660736083984,208.58177185058594
2021-05-03,128.97454833984375,241.15235900878906,14.799447059631348,135.1566162109375,310.5292053222656,142.64511108398438,30.525177001953125,46.93913269042969,118.86502075195312,44.27037048339844,48.23945236206055,208.6366729736328
2021-05-04,124.41072845458984,237.25540161132812,14.315168380737305,137.02496337890625,310.24542236328125,144.85546875,30.61714744567871,46.64619827270508,118.46002960205078,43.83427810668945,48.54289245605469,213.42808532714844
2021-05-05,124.65399169921875,235.9915008544922,14.422150611877441,138.82286071777344,317.1449279785156,144.25108337402344,30.632474899291992,46.52557373046875,117.50914764404297,43.796897888183594,50.00270462036133,217.515380859375
2021-05-06,126.24986267089844,239.11289978027344,14.486488342285156,141.61660766601562,324.5499267578125,144.8295440673828,30.33064079284668,46.9908332824707,118.98829650878906,44.109622955322266,50.47836685180664,216.7747344970703
2021-05-07,126.92247772216797,241.7268524169922,14.775010108947754,142.10130310058594,328.91302490234375,145.4857635498047,30.632474899291992,46.9649772644043,118.99712371826172,43.84379959106445,51.2000846862793,220.35914611816406
2021-05-10,123.64729309082031,236.6713104248047,14.229883193969727,142.0836639404297,326.95318603515625,147.01397705078125,30.84917449951172,47.30962371826172,121.21593475341797,44.03769302368164,51.32310104370117,221.84046936035156
2021-05-11,122.73101806640625,235.76173400878906,14.270281791687012,139.72174072265625,319.1846618652344,145.81385803222656,30.4544620513916,46.80126953125,120.61721801757812,43.64052963256836,49.69105529785156,218.81382751464844
2021-05-12,119.67028045654297,228.83912658691406,13.723912239074707,138.7611541748047,314.2894287109375,145.22669982910156,30.717605590820312,46.56004333496094,119.34049224853516,42.511600494384766,49.95732879638672,217.00332641601562
2021-05-13,121.81475067138672,232.69776916503906,13.63089370727539,142.33042907714844,318.2002258300781,146.74635314941406,31.034915924072266,46.9649772644043,121.25996398925781,43.230865478515625,49.34158706665039,219.51788330078125
2021-05-14,124.23212432861328,237.60011291503906,14.20719051361084,144.54249572753906,327.032958984375,146.9708251953125,30.97300910949707,47.1545295715332,121.51531219482422,43.63114929199219,50.56473159790039,221.4929656982422
2021-05-17,123.0819091796875,234.75637817382812,14.129884719848633,145.12416076660156,327.45867919921875,147.1175994873047,31.04265785217285,47.07699203491211,121.2687759399414,43.43413162231445,51.746273040771484,223.8338165283203
2021-05-18,121.69776916503906,232.74566650390625,13.980514526367188,143.0795440673828,323.2995300292969,147.16940307617188,30.996225357055664,46.81851577758789,120.02726745605469,44.37856674194336,50.28182601928711,218.96926879882812
2021-05-19,121.54180908203125,233.3214569091797,14.030387878417969,141.98675537109375,317.8189392089844,146.8499755859375,30.825965881347656,46.67204284667969,120.2738265991211,44.38168716430664,49.07533264160156,216.5918426513672
2021-05-20,124.09565734863281,236.5460205078125,14.575763702392578,141.7399444580078,319.06048583984375,147.7047576904297,31.050403594970703,47.085601806640625,121.5064926147461,44.53805160522461,48.95884323120117,214.87277221679688
2021-05-21,122.26314544677734,235.2888641357422,14.954058647155762,143.35272216796875,324.80706787109375,147.6097869873047,30.91883659362793,47.059757232666016,121.5064926147461,44.328529357910156,49.025413513183594,216.93019104003906
2021-05-24,123.89096069335938,240.6727294921875,15.572751998901367,144.12831115722656,326.6072692871094,148.1744384765625,30.81048583984375,47.21484375,121.4713134765625,44.33164596557617,49.59953689575195,218.58523559570312
2021-05-25,123.6960220336914,241.5748748779297,15.608410835266113,142.63890075683594,323.2551574707031,147.76614379882812,30.438987731933594,47.20622253417969,121.88508605957031,44.513023376464844,48.47624588012695,216.8661651611328
2021-05-26,123.64729309082031,241.3541259765625,15.660527229309082,142.6212615966797,325.81805419921875,146.88864135742188,30.12166976928711,47.413002014160156,121.61214447021484,44.45986557006836,49.042049407958984,217.35992431640625
2021-05-27,122.11692810058594,239.26197814941406,15.449058532714844,144.8421630859375,329.3387451171875,146.66278076171875,29.912710189819336,47.8093376159668,118.84742736816406,44.30976104736328,48.725868225097656,220.62432861328125
2021-05-28,121.46385192871094,239.6170654296875,16.203659057617188,144.74517822265625,331.0294494628906,147.0450439453125,29.974624633789062,47.637027740478516,118.73298645019531,44.41608428955078,48.567771911621094,220.44143676757812
2021-06-01,121.14215087890625,237.42897033691406,16.223613739013672,146.34034729003906,340.30126953125,143.81304931640625,29.7966251373291,47.6284065246582,116.9984359741211,44.300376892089844,50.306785583496094,221.9776153564453
2021-06-02,121.90247344970703,237.33303833007812,16.73607063293457,146.34915161132812,341.19110107421875,144.39517211914062,30.02106285095215,47.81795120239258,117.50914764404297,44.203433990478516,50.706180572509766,222.61767578125
2021-06-03,120.42085266113281,235.8070526123047,16.927085876464844,146.4461212158203,345.8892517089844,144.25616455078125,30.160369873046875,47.93857192993164,119.61345672607422,44.281612396240234,50.90587615966797,222.9651336669922
2021-06-04,122.71153259277344,240.68234252929688,17.5340518951416,146.68405151367188,348.3185119628906,144.19537353515625,30.299684524536133,48.455528259277344,119.70149230957031,44.35980224609375,51.13054275512695,223.1297607421875
2021-06-07,122.72126770019531,243.5806121826172,17.574703216552734,145.9966583251953,345.3910217285156,143.2135772705078,30.175853729248047,48.283206939697266,120.11534881591797,44.06270980834961,50.79771423339844,219.2344512939453
2021-06-08,123.54005432128906,242.390625,17.41311264038086,145.4149932861328,342.3122863769531,141.95384216308594,30.06751251220703,47.94718551635742,118.72416687011719,43.72809982299805,51.69635009765625,219.60018920898438
2021-06-09,123.92023468017578,243.36949157714844,17.31857681274414,143.5995330810547,340.60382080078125,143.86521911621094,30.81048583984375,47.80072021484375,118.68013000488281,43.493553161621094,52.12902069091797,214.5618896484375
2021-06-10,122.92595672607422,246.87237548828125,17.385177612304688,141.36099243164062,332.7378234863281,145.15969848632812,31.48381233215332,48.17120361328125,119.56062316894531,43.74372863769531,52.212215423583984,206.405517578125
2021-06-11,124.1346664428711,247.49620056152344,17.784507751464844,141.26405334472656,336.3949890136719,143.31784057617188,31.073627471923828,48.3865966796875,118.74179077148438,44.015804290771484,51.729637145996094,201.80615234375
2021-06-14,127.18561553955078,249.41558837890625,17.977567672729492,138.86692810058594,331.83026123046875,143.67410278320312,30.671180725097656,48.22166442871094,118.78581237792969,43.95639419555664,51.646419525146484,200.26084899902344
2021-06-15,126.3668441772461,247.94725036621094,17.747844696044922,136.76060485839844,330.3887634277344,142.9095001220703,30.640214920043945,48.10013961791992,118.55690002441406,43.78126525878906,53.52689743041992,200.67233276367188
2021-06-16,126.86396789550781,247.0067596435547,17.769546508789062,137.72120666503906,330.1217041015625,142.85739135742188,30.41577911376953,47.45775604248047,116.91036224365234,42.88999557495117,53.33551788330078,198.56918334960938
2021-06-17,128.46255493164062,250.38491821289062,18.614606857299805,133.7465362548828,321.6684875488281,143.54373168945312,30.555084228515625,47.70082092285156,117.97577667236328,43.06824493408203,51.57985305786133,191.51922607421875
2021-06-18,127.16612243652344,248.97409057617188,18.596153259277344,130.36231994628906,310.39453125,140.72882080078125,30.036544799804688,46.67649459838867,116.25003051757812,42.270809173583984,50.25687026977539,190.97972106933594
2021-06-21,128.95968627929688,252.04513549804688,18.385133743286133,132.57437133789062,318.1449279785156,142.34478759765625,30.508642196655273,47.188655853271484,117.16573333740234,42.655452728271484,52.0790901184082,194.9573211669922
2021-06-22,130.59725952148438,254.80906677246094,18.843585968017578,132.38052368164062,318.13592529296875,142.1536407470703,30.65569305419922,47.362266540527344,117.20974731445312,42.85247039794922,53.07757568359375,194.8842315673828
2021-06-23,130.32435607910156,254.5787811279297,19.013690948486328,133.1824951171875,321.2681579589844,141.29354858398438,30.222286224365234,46.98031234741211,117.04243469238281,42.517860412597656,53.468650817871094,195.48773193359375
2021-06-24,130.04164123535156,255.94161987304688,19.161603927612305,134.4075164794922,328.1197204589844,141.93646240234375,30.33064079284668,47.21468734741211,117.12169647216797,42.81494903564453,53.68497848510742,200.5625457763672
2021-06-25,129.74923706054688,254.33876037597656,18.987503051757812,135.76473999023438,328.1374816894531,142.666259765625,30.168107986450195,47.15393829345703,118.79461669921875,43.32155227661133,53.801483154296875,197.79197692871094
2021-06-28,131.3770294189453,257.88970947265625,19.93932342529297,136.01150512695312,328.08404541015625,142.5011749267578,30.276464462280273,47.10184860229492,119.14681243896484,43.18708419799805,52.428565979003906,197.75538635253906
2021-06-29,132.887939453125,260.4617004394531,19.980976104736328,135.84405517578125,331.5632019042969,142.5098876953125,30.260984420776367,46.754615783691406,118.3367691040039,42.93690490722656,52.104061126708984,196.68557739257812
2021-06-30,133.50204467773438,259.9818420410156,19.956785202026367,137.07786560058594,337.7119140625,143.1267547607422,30.30741310119629,46.97163772583008,118.80338287353516,44.10023880004883,52.486812591552734,198.9989776611328
2021-07-01,133.80418395996094,260.6535949707031,20.165803909301758,138.43507385253906,333.67218017578125,144.18667602539062,30.61700439453125,46.84142303466797,119.07637023925781,43.568599700927734,52.63657760620117,198.15773010253906
2021-07-02,136.42628479003906,266.45977783203125,20.44017791748047,138.30215454101562,332.93359375,146.81045532226562,30.748563766479492,47.03239822387695,119.65747833251953,43.81565856933594,52.56169509887695,199.11782836914062
2021-07-06,138.43426513671875,266.4693298339844,20.651193618774414,135.9797821044922,329.1073303222656,145.93295288085938,30.40803337097168,46.7719841003418,119.72792053222656,43.76249313354492,51.06396484375,195.2407989501953
2021-07-07,140.9198760986328,268.64788818359375,20.3251953125,136.13937377929688,327.15869140625,147.1840362548828,30.4544620513916,47.15393829345703,120.62601470947266,43.69056701660156,50.265193939208984,196.31063842773438
2021-07-08,139.62344360351562,266.23907470703125,19.857263565063477,133.79043579101562,319.3905944824219,146.89736938476562,30.377077102661133,46.988990783691406,120.6083984375,43.65304183959961,50.04052734375,193.9514923095703
2021-07-09,141.44627380371094,266.73809814453125,20.00442123413086,138.07167053222656,330.7980651855469,147.47943115234375,30.65569305419922,47.27545928955078,120.65243530273438,43.87506866455078,50.94747543334961,198.80694580078125
2021-07-12,140.85166931152344,266.1431579589844,20.465618133544922,140.0482635498047,338.57501220703125,147.24485778808594,30.771785736083984,47.29283142089844,120.74925231933594,43.796905517578125,50.897560119628906,199.8676300048828
2021-07-13,141.9628448486328,269.65557861328125,20.203720092773438,137.96533203125,334.5530700683594,147.06240844726562,30.686655044555664,47.7615852355957,120.5995864868164,43.9626350402832,50.6562614440918,196.76785278320312
2021-07-14,145.38421630859375,271.1239013671875,19.79615020751953,137.49549865722656,333.1471252441406,148.06153869628906,30.91883659362793,48.83800506591797,121.48887634277344,44.26597595214844,49.532962799072266,193.52175903320312
2021-07-15,144.73117065429688,269.70355224609375,18.922897338867188,137.79690551757812,332.212890625,146.28050231933594,31.027175903320312,48.994258880615234,122.52787017822266,44.300376892089844,49.05037307739258,193.3114776611328
2021-07-16,142.6939239501953,269.4349365234375,18.119497299194336,134.6502227783203,324.6048889160156,146.0458984375,31.22840690612793,48.959529876708984,123.71651458740234,44.26910400390625,47.69410705566406,190.14764404296875
2021-07-19,138.85340881347656,265.8455810546875,18.736827850341797,130.27149963378906,315.6355895996094,144.9859619140625,31.073627471923828,48.3779182434082,123.65487670898438,44.16591262817383,46.054931640625,186.69110107421875
2021-07-20,142.46002197265625,268.0625,18.5694580078125,132.70018005371094,324.5693359375,146.3499755859375,31.770166397094727,48.4647216796875,122.99451446533203,44.36604690551758,46.5624885559082,191.1772918701172
2021-07-21,141.7289276123047,270.0586242675781,19.365636825561523,135.4923095703125,332.3462829589844,147.25355529785156,31.7469482421875,49.08974075317383,122.56305694580078,44.14714050292969,48.06020736694336,193.7237091064453
2021-07-22,143.09356689453125,274.6076965332031,19.549217224121094,133.78160095214844,331.6433410644531,147.67922973632812,32.095211029052734,49.020294189453125,122.09349060058594,44.17841720581055,47.51935958862305,192.28045654296875
2021-07-23,144.80914306640625,277.9952697753906,19.513303756713867,133.5245361328125,332.835693359375,149.25177001953125,32.25774002075195,49.48905944824219,123.85668182373047,44.541175842285156,47.46112060546875,192.62057495117188
2021-07-26,145.22828674316406,277.40032958984375,19.24990463256836,134.41976928710938,334.4819030761719,149.32130432128906,32.35836410522461,49.532470703125,124.29080963134766,44.603721618652344,48.65929412841797,193.99951171875
2021-07-27,143.06430053710938,274.9915466308594,19.164100646972656,134.24246215820312,333.53863525390625,150.00765991210938,32.58280563354492,49.70607376098633,124.79585266113281,44.60685348510742,48.11846160888672,192.960693359375
2021-07-28,141.31954956054688,274.6844482421875,19.45842933654785,134.46409606933594,332.995849609375,149.59063720703125,33.62761688232422,49.25467300415039,122.9440689086914,44.42546463012695,48.44296646118164,194.3764190673828
2021-07-29,141.9628448486328,274.953125,19.617063522338867,135.6164093017578,335.9500427246094,149.59063720703125,33.41676330566406,49.52378463745117,123.5820083618164,44.48176574707031,49.03372573852539,195.4060516357422
2021-07-30,142.1773223876953,273.4272766113281,19.454437255859375,134.53500366210938,333.57427978515625,149.6079864501953,33.43238830566406,49.50642776489258,126.0185546875,44.57870864868164,47.902122497558594,190.06492614746094
2021-08-02,141.84591674804688,273.3407897949219,19.704858779907227,133.99429321289062,336.51953125,149.6688232421875,34.330474853515625,49.3762092590332,125.70846557617188,44.475502014160156,47.910438537597656,188.6032257080078
2021-08-03,143.63943481445312,275.548095703125,19.769712448120117,135.51889038085938,338.4504089355469,151.5106658935547,35.67369842529297,49.41093063354492,127.54248046875,44.97585678100586,48.42631912231445,191.67367553710938
2021-08-04,143.2398223876953,274.9627380371094,20.2276611328125,134.05633544921875,336.225830078125,150.61578369140625,35.29103469848633,48.69910430908203,126.19575500488281,44.66939163208008,47.294715881347656,188.014892578125
2021-08-05,143.34701538085938,277.8514099121094,20.58983039855957,135.74932861328125,341.95635986328125,150.90255737304688,35.189517974853516,49.04634094238281,126.25779724121094,45.49809646606445,47.5942497253418,190.4694061279297
2021-08-06,142.66368103027344,277.7937927246094,20.3194522857666,139.60507202148438,354.0489501953125,150.39862060546875,35.19731903076172,49.16786575317383,125.29202270507812,45.41680145263672,48.14341735839844,191.53579711914062
2021-08-09,142.61488342285156,276.7093505859375,20.248613357543945,139.4543914794922,355.81964111328125,150.91990661621094,35.907981872558594,49.176551818847656,125.9742202758789,45.5262565612793,47.5942497253418,192.0322265625
2021-08-10,142.1365203857422,274.8955078125,19.890438079833984,141.16514587402344,363.0182800292969,150.9720001220703,37.633872985839844,49.3067626953125,126.05400848388672,46.495697021484375,48.40968322753906,196.794189453125
2021-08-11,142.39031982421875,275.385009765625,19.653982162475586,142.84927368164062,368.2860107421875,150.9980926513672,36.16569900512695,49.24599075317383,126.3641128540039,46.911617279052734,48.55112838745117,203.77166748046875
2021-08-12,145.34823608398438,278.1297607421875,19.859506607055664,143.4076690673828,369.2736511230469,152.21441650390625,36.8919792175293,49.34148025512695,126.65645599365234,46.78606414794922,48.44132614135742,202.46624755859375
2021-08-13,145.5532989501953,281.04718017578125,20.14185905456543,141.8033447265625,365.51861572265625,153.1266632080078,37.860355377197266,49.68003463745117,127.26786041259766,46.93359375,47.95142364501953,200.93106079101562
2021-08-16,147.52517700195312,282.72662353515625,19.904401779174805,140.87257385253906,363.3563537597656,154.50807189941406,38.19615936279297,49.89705276489258,128.1538543701172,47.31651306152344,47.2503547668457,200.1404266357422
2021-08-17,146.6173553466797,281.2679748535156,19.413532257080078,139.1707763671875,360.3488464355469,155.92422485351562,39.375389099121094,49.72344207763672,128.3665313720703,47.30082702636719,46.929386138916016,196.21502685546875
2021-08-18,142.87844848632812,279.54681396484375,18.996482849121094,137.9032440185547,354.858642578125,153.94332885742188,38.508541107177734,49.04634094238281,126.96661376953125,46.79862594604492,45.94112777709961,192.8779754638672
2021-08-19,143.21034240722656,285.3544006347656,19.752750396728516,136.75091552734375,350.2049255371094,155.1422882080078,38.11025619506836,49.35884475708008,128.46397399902344,47.115631103515625,44.53899383544922,187.9505157470703
2021-08-20,144.66488647460938,292.6524658203125,20.768423080444336,137.14096069335938,352.25146484375,155.8981170654297,38.04778289794922,49.16786575317383,128.55255126953125,47.536216735839844,44.54743194580078,188.4010009765625
2021-08-23,146.14878845214844,292.9313049316406,21.907812118530273,138.89599609375,357.2167053222656,155.2251739501953,38.99274444580078,48.994258880615234,127.89691925048828,47.222354888916016,46.38035583496094,192.2620391845703
2021-08-24,146.06089782714844,290.9794006347656,21.74319076538086,139.7557830810547,363.5433044433594,153.28500366210938,37.78226089477539,48.62099075317383,126.86027526855469,46.73585510253906,46.76045227050781,195.43360900878906
2021-08-25,144.83084106445312,290.39288330078125,22.1622314453125,142.63648986816406,367.6007995605469,152.27117919921875,37.10283660888672,48.67306900024414,126.40838623046875,46.754669189453125,46.84492111206055,197.42849731445312
2021-08-26,144.0303955078125,287.585205078125,22.017566680908203,143.3721923828125,366.96905517578125,151.4583740234375,37.00131607055664,48.212989807128906,126.18690490722656,46.24934768676758,46.21142578125,194.1925811767578
2021-08-27,145.06517028808594,288.1909484863281,22.58426284790039,144.52450561523438,373.4469909667969,151.13497924804688,36.392173767089844,48.308475494384766,126.08943176269531,45.98881530761719,47.10676574707031,195.6542510986328
2021-08-30,149.47763061523438,291.9120178222656,22.636154174804688,142.21104431152344,368.02789306640625,151.77301025390625,36.517127990722656,48.76854705810547,126.63875579833984,46.359195709228516,46.591514587402344,194.38563537597656
2021-08-31,148.21832275390625,290.2678527832031,22.337778091430664,141.7767333984375,369.7357482910156,151.30979919433594,35.978271484375,48.88140106201172,126.16034698486328,46.48475646972656,46.050933837890625,193.85244750976562
2021-09-01,148.88214111328125,290.2198486328125,22.393661499023438,141.5728759765625,369.869873046875,151.84291076660156,35.954837799072266,49.211273193359375,127.44505310058594,46.384307861328125,45.417442321777344,191.1772918701172
2021-09-02,149.9949951171875,289.56597900390625,22.3487491607666,142.2288055419922,370.62091064453125,152.8829803466797,36.5796012878418,49.28071594238281,127.54248046875,46.62913131713867,46.523948669433594,194.68902587890625
2021-09-03,150.62957763671875,289.55633544921875,22.794811248779297,141.36898803710938,367.7686462402344,152.9790802001953,36.5796012878418,49.24599075317383,127.63111114501953,46.845699310302734,46.346561431884766,193.39279174804688
2021-09-07,152.9627227783203,288.6332702636719,22.614194869995117,141.12083435058594,366.8835144042969,150.6019287109375,36.50932312011719,48.32583236694336,127.15264892578125,46.224239349365234,46.076271057128906,191.42547607421875
2021-09-08,151.4202880859375,288.6621398925781,22.2918758392334,140.4915008544922,362.12664794921875,150.23480224609375,36.3218879699707,48.97689437866211,128.1184539794922,46.283870697021484,45.65394973754883,190.0832977294922
2021-09-09,150.405029296875,285.8159484863281,22.130220413208008,141.10308837890625,361.7510681152344,146.88755798339844,35.94702911376953,48.490779876708984,127.57793426513672,45.95743179321289,45.6877326965332,188.84225463867188
2021-09-10,145.42636108398438,284.3351745605469,22.43058204650879,139.4810028076172,360.76751708984375,145.92617797851562,35.6034049987793,48.27375411987305,127.70199584960938,45.79109191894531,45.594810485839844,188.46533203125
2021-09-13,145.99256896972656,285.56597900390625,22.105270385742188,141.69696044921875,365.9356384277344,144.90362548828125,34.814659118652344,48.67306900024414,129.0753173828125,45.53057098388672,46.768898010253906,189.559326171875
2021-09-14,144.5965576171875,288.2583312988281,22.19508171081543,139.22396850585938,360.955322265625,144.02969360351562,34.91618347167969,48.708045959472656,128.8538360595703,45.292030334472656,46.10161590576172,186.0016326904297
2021-09-15,145.48492431640625,293.09478759765625,22.293869018554688,140.1901397705078,359.3995361328125,144.57147216796875,34.96304702758789,48.87423324584961,128.57913208007812,45.3704948425293,47.65578842163086,189.12721252441406
2021-09-16,145.25064086914062,293.4794006347656,22.19508171081543,140.1280517578125,354.6873779296875,144.39671325683594,34.728759765625,48.41067886352539,127.68425750732422,45.521156311035156,47.148990631103516,187.1691436767578
2021-09-17,142.58554077148438,288.3351745605469,21.853801727294922,139.76463317871094,350.0199890136719,143.9859619140625,34.27580642700195,47.614768981933594,127.88805389404297,45.4269905090332,46.591514587402344,183.62982177734375
2021-09-20,139.53982543945312,282.9794921875,21.068462371826172,135.58091735839844,338.10107421875,143.16441345214844,34.51790237426758,47.282405853271484,126.60331726074219,44.80238342285156,45.34986877441406,175.42051696777344
2021-09-21,140.0181427001953,283.460205078125,21.20117950439453,135.59861755371094,336.05352783203125,143.79371643066406,34.299232482910156,47.273658752441406,126.79823303222656,44.8902702331543,45.3076286315918,174.51959228515625
2021-09-22,142.38058471679688,287.09478759765625,21.89471435546875,138.19577026367188,344.6640625,143.26930236816406,34.322662353515625,47.343624114990234,127.232421875,44.78668975830078,46.63374710083008,175.90773010253906
2021-09-23,143.3372802734375,288.0371398925781,22.4345760345459,142.86697387695312,350.3775634765625,144.0820770263672,34.51008987426758,47.26491928100586,127.75515747070312,44.811805725097656,48.21326446533203,180.75242614746094
2021-09-24,143.4250946044922,287.8351745605469,22.0344181060791,144.51564025878906,349.4745178222656,143.64512634277344,34.31485366821289,47.13372039794922,127.18809509277344,44.93734359741211,48.64404296875,180.936279296875
2021-09-27,141.9119873046875,282.8544921875,21.614309310913086,148.00799560546875,357.4860534667969,142.6051025390625,34.025901794433594,46.88882064819336,125.51351928710938,44.648582458496094,50.08841323852539,183.8596649169922
2021-09-28,138.53427124023438,272.6141357421875,20.655336380004883,147.21026611328125,348.2674560546875,142.2904510498047,33.61200714111328,46.040435791015625,124.56547546386719,44.09929275512695,50.61210250854492,184.36526489257812
2021-09-29,139.4324188232422,273.0756530761719,20.473722457885742,147.0950469970703,344.1455993652344,143.34796142578125,33.994659423828125,46.320316314697266,125.83250427246094,44.08046340942383,50.57831573486328,181.9015350341797
2021-09-30,138.13404846191406,271.07568359375,20.672298431396484,145.09181213378906,338.0116882324219,141.1455841064453,33.58856964111328,45.891746520996094,123.86553955078125,43.747772216796875,49.68297576904297,176.47769165039062
2021-10-01,139.25668334960938,277.9795837402344,20.6982479095459,148.1409454345703,339.7730712890625,140.2454071044922,33.526092529296875,46.372798919677734,123.67058563232422,43.01643371582031,51.465213775634766,178.6472625732422
2021-10-04,135.83016967773438,272.2198486328125,19.69037437438965,147.98143005371094,334.5423889160156,139.1529541015625,33.127811431884766,46.346553802490234,122.97062683105469,42.60212326049805,52.13249969482422,177.54405212402344
2021-10-05,137.7533416748047,277.652587890625,20.40786361694336,150.39797973632812,344.9680480957031,139.4675750732422,33.049705505371094,46.425270080566406,123.4490966796875,42.88147735595703,52.04802703857422,176.96493530273438
2021-10-06,138.62216186523438,281.83526611328125,20.65633201599121,150.718994140625,346.9709777832031,139.75595092773438,32.815433502197266,46.97628402709961,125.09707641601562,43.19534683227539,51.09356689453125,176.3765869140625
2021-10-07,139.8814697265625,283.5082702636719,21.030542373657227,151.6731414794922,349.2688903808594,141.00576782226562,33.377716064453125,47.12498092651367,126.09830474853516,43.70383071899414,51.237152099609375,179.95262145996094
2021-10-08,139.50074768066406,283.5082702636719,20.787057876586914,151.78904724121094,351.22705078125,140.6474151611328,33.1512451171875,47.33488082885742,125.57552337646484,43.83564758300781,52.52103805541992,179.41024780273438
2021-10-11,139.4128875732422,282.9121398925781,20.651344299316406,148.5966796875,344.4584045410156,140.0531005859375,32.84667205810547,47.431095123291016,126.09830474853516,43.79484558105469,51.997344970703125,177.32342529296875
2021-10-12,138.143798828125,281.6140441894531,20.627395629882812,147.45529174804688,345.6119079589844,137.81576538085938,32.682674407958984,47.431095123291016,125.91222381591797,43.747772216796875,51.7270622253418,174.59312438964844
2021-10-13,137.55809020996094,284.912109375,20.894826889038086,143.56736755371094,345.4151306152344,139.13546752929688,32.346858978271484,47.43985366821289,126.20458984375,43.430755615234375,51.58346939086914,173.6922149658203
2021-10-14,140.34027099609375,291.1043701171875,21.70012092590332,145.76991271972656,349.78753662109375,139.93072509765625,32.542091369628906,47.76345443725586,127.63111114501953,43.90156173706055,52.3690071105957,178.6472625732422
2021-10-15,141.39456176757812,292.5082092285156,21.815881729125977,148.56991577148438,363.0834045410156,140.97076416015625,32.40153503417969,47.649757385253906,127.95890808105469,44.114990234375,52.867347717285156,182.958740234375
2021-10-18,143.06390380859375,295.4697570800781,22.175125122070312,148.5164337158203,369.896728515625,139.93954467773438,32.268775939941406,47.17744827270508,126.11602020263672,44.46967697143555,52.84200668334961,182.1865234375
2021-10-19,145.2213592529297,296.37359619140625,22.242977142333984,150.3177032470703,368.5286560058594,143.2168731689453,32.87009811401367,47.36112594604492,124.62751007080078,45.414432525634766,53.63600158691406,184.90762329101562
2021-10-20,145.70947265625,295.5851745605469,22.05637550354004,152.3419189453125,364.71075439453125,143.13821411132812,33.42456817626953,47.78094482421875,125.1148452758789,45.82561492919922,53.93162155151367,187.71148681640625
2021-10-21,145.92422485351562,298.8062744140625,22.644126892089844,151.1470184326172,364.44244384765625,142.80609130859375,33.4714241027832,47.53604507446289,124.21440124511719,46.07984161376953,52.95181655883789,185.82696533203125
2021-10-22,145.1529998779297,297.267822265625,22.678054809570312,153.18017578125,370.4599914550781,143.08572387695312,33.705718994140625,47.62350845336914,125.55164337158203,46.560081481933594,53.31502151489258,185.47572326660156
2021-10-25,145.1042022705078,296.2774353027344,23.117130279541016,152.4310760498047,370.8444519042969,143.400390625,33.69790267944336,47.431095123291016,125.5694808959961,47.099945068359375,54.35395431518555,186.91775512695312
2021-10-26,145.76805114746094,298.1812744140625,24.664857864379883,152.84129333496094,373.4017639160156,144.85995483398438,34.018096923828125,47.64101028442383,127.35250091552734,46.68876266479492,55.61249542236328,184.5420684814453
2021-10-27,145.30921936035156,310.7389831542969,24.399417877197266,149.65786743164062,367.4825439453125,143.10328674316406,33.557342529296875,48.55937194824219,126.44316864013672,46.30585479736328,54.16812515258789,181.29754638671875
2021-10-28,148.9407196044922,311.8735656738281,24.888383865356445,151.91387939453125,370.9070739746094,142.325439453125,33.721336364746094,49.01417541503906,127.20095825195312,46.594600677490234,54.32015609741211,188.65554809570312
2021-10-29,146.23660278320312,318.86383056640625,25.5130615234375,151.49481201171875,369.5926818847656,142.3516387939453,34.158668518066406,49.30279541015625,127.47734069824219,46.89906692504883,54.455322265625,188.5816192626953
2021-11-01,145.4165802001953,316.70050048828125,25.77251625061035,151.41452026367188,372.5881042480469,142.47402954101562,34.08056640625,49.12787628173828,127.1652603149414,47.01519775390625,55.43511199951172,189.84796142578125
2021-11-02,146.4513702392578,320.3158264160156,26.345300674438477,152.011962890625,378.981201171875,144.72012329101562,35.494083404541016,49.06664276123047,128.4312286376953,46.993221282958984,54.750946044921875,191.4564208984375
2021-11-03,147.88641357421875,321.1523132324219,26.54189109802246,152.06546020507812,373.6610107421875,144.25689697265625,35.00209045410156,49.232826232910156,129.3138427734375,47.13759994506836,53.99918746948242,188.15640258789062
2021-11-04,147.3690185546875,323.49853515625,29.738134384155273,150.0680389404297,364.8716125488281,143.85484313964844,34.54515075683594,49.503963470458984,129.55453491210938,47.48286819458008,54.40463638305664,188.193359375
2021-11-05,147.8969268798828,323.1331787109375,29.689239501953125,149.85401916503906,363.9864196777344,142.8323211669922,38.295108795166016,49.7138671875,130.1964569091797,47.153297424316406,54.91987609863281,190.31021118164062
2021-11-08,147.07574462890625,324.0273132324219,30.739013671875,150.75465393066406,365.113037109375,142.34292602539062,38.074520111083984,49.26781463623047,129.22467041015625,46.85197830200195,55.51114273071289,198.0471954345703
2021-11-09,147.4374542236328,323.0273742675781,30.59232521057129,149.61325073242188,362.4394836425781,142.02825927734375,37.26308822631836,49.40776062011719,129.61692810058594,47.01519775390625,56.05172348022461,193.9429473876953
2021-11-10,144.61204528808594,318.0754699707031,29.39685821533203,149.4705810546875,356.8690490722656,143.5664825439453,38.61810302734375,49.608924865722656,130.89183044433594,46.591468811035156,54.947471618652344,191.04042053222656
2021-11-11,144.56320190429688,319.6427307128906,30.32588768005371,149.461669921875,359.7481994628906,142.5089874267578,39.53194808959961,49.626407623291016,130.5173797607422,46.61030197143555,55.050174713134766,192.759765625
2021-11-12,146.6357879638672,323.7677001953125,30.32588768005371,148.79286193847656,362.0461730957031,144.2132110595703,39.177433013916016,49.51271438598633,130.66000366210938,46.378028869628906,54.63074493408203,193.44383239746094
2021-11-15,146.64559936523438,323.1427307128906,29.961660385131836,148.5253448486328,361.95672607421875,142.9109649658203,39.11441421508789,49.521461486816406,131.4088592529297,46.11124038696289,55.10155487060547,192.00177001953125
2021-11-16,147.62319946289062,326.4503479003906,30.139286041259766,147.45529174804688,360.41876220703125,142.16812133789062,39.07501983642578,49.17160415649414,131.2216796875,44.93734359741211,55.657955169677734,189.8942108154297
2021-11-17,150.05752563476562,326.6719970703125,29.19926643371582,146.66162109375,350.100341796875,142.7012481689453,40.075531005859375,48.90047073364258,131.1414337158203,44.55128860473633,55.050174713134766,187.62948608398438
2021-11-18,154.3395538330078,328.7430114746094,31.60818099975586,145.39540100097656,349.939453125,141.93211364746094,40.50094223022461,48.463157653808594,131.15927124023438,44.93421173095703,54.450984954833984,186.1874237060547
2021-11-19,156.9596405029297,330.5155029296875,32.915409088134766,143.49600219726562,346.380859375,142.3603973388672,40.02039337158203,48.218257904052734,130.89183044433594,44.69253921508789,51.934303283691406,185.2815704345703
2021-11-22,157.41912841796875,327.3559875488281,31.888586044311523,146.55465698242188,354.222412109375,140.4866485595703,40.33551025390625,48.51564025878906,131.7655029296875,45.44268035888672,52.65334701538086,187.0748748779297
2021-11-23,157.80044555664062,325.2847595214844,31.679027557373047,150.05909729003906,363.3247375488281,141.35755920410156,40.240970611572266,48.87423324584961,133.22755432128906,45.76597213745117,54.04008865356445,189.8017578125
2021-11-24,158.3185272216797,325.5063781738281,32.605079650878906,148.88204956054688,356.93170166015625,140.961669921875,40.0912971496582,48.48065185546875,132.53219604492188,45.9951057434082,54.339691162109375,191.4102020263672
2021-11-26,153.30328369140625,317.57843017578125,31.43654441833496,144.39663696289062,348.1691589355469,140.04681396484375,42.541358947753906,46.9937744140625,131.47129821777344,45.48035430908203,52.4307861328125,183.7008819580078
2021-11-29,156.65655517578125,324.2733459472656,33.30559158325195,143.7724609375,345.6208190917969,140.5306396484375,41.2808723449707,47.737213134765625,132.8531494140625,44.767852783203125,52.72182846069336,181.10342407226562
2021-11-30,161.6034393310547,318.4549865722656,32.6070671081543,141.63232421875,340.6583557128906,137.1702117919922,42.32865524291992,46.230003356933594,128.89483642578125,44.14011001586914,51.223812103271484,178.72776794433594
2021-12-01,161.08523559570312,317.9637756347656,31.372528076171875,140.79409790039062,338.40216064453125,139.0615234375,43.077064514160156,46.09779357910156,130.5173797607422,43.04468536376953,51.18101501464844,176.98995971679688
2021-12-02,160.0978240966797,317.3954772949219,32.06214904785156,143.754638671875,348.34356689453125,138.19065856933594,41.78506851196289,46.77647399902344,131.28408813476562,42.52052307128906,52.45647430419922,181.9075927734375
2021-12-03,158.22076416015625,311.1533203125,30.63199806213379,141.1507568359375,344.0200500488281,140.20510864257812,42.754066467285156,47.19074249267578,133.61984252929688,43.16082000732422,52.122623443603516,182.84120178222656
2021-12-06,161.6229705810547,314.216552734375,29.97730827331543,142.81834411621094,349.925537109375,143.33685302734375,40.55609893798828,48.39827346801758,135.64358520507812,43.62849426269531,52.71327590942383,186.05804443359375
2021-12-07,167.35191345214844,322.62615966796875,32.36255645751953,144.96737670898438,359.6422424316406,143.706298828125,40.74517059326172,48.66270446777344,135.28700256347656,43.48725128173828,53.303924560546875,189.0252685546875
2021-12-08,171.1646728515625,322.67431640625,31.76274871826172,143.30880737304688,357.13433837890625,144.56838989257812,40.493072509765625,48.477603912353516,135.89320373535156,43.04781723022461,53.4580078125,188.7479705810547
2021-12-09,170.6562957763672,320.8728942871094,30.42940330505371,143.0858612060547,356.38836669921875,145.94073486328125,41.028778076171875,48.35420227050781,136.68666076660156,43.64659118652344,53.594974517822266,188.69248962402344
2021-12-10,175.43699645996094,329.9664306640625,30.137985229492188,142.51513671875,351.5075378417969,145.580078125,41.580238342285156,49.605804443359375,138.594482421875,44.443885803222656,53.937374114990234,188.0731964111328
2021-12-13,171.80995178222656,326.94171142578125,28.10502815246582,140.82083129882812,345.7369079589844,148.18392944335938,43.486724853515625,50.9102897644043,140.56472778320312,45.24433135986328,52.756080627441406,186.03025817871094
2021-12-14,170.43145751953125,316.2876892089844,28.280685424804688,141.89984130859375,349.4941101074219,149.80258178710938,43.754581451416016,50.9455451965332,141.081787109375,45.67606735229492,52.67902755737305,186.39080810546875
2021-12-15,175.2903594970703,322.3659973144531,30.398469924926758,140.83871459960938,350.4738464355469,150.55030822753906,46.322811126708984,51.174720764160156,141.62562561035156,45.93764114379883,52.447914123535156,187.23199462890625
2021-12-16,168.4077606201172,312.9738464355469,28.33057975769043,143.041259765625,357.1793518066406,152.19532775878906,48.252933502197266,51.694759368896484,143.63153076171875,45.171852111816406,52.53350830078125,190.5782470703125
2021-12-17,167.3128204345703,311.9143371582031,27.745752334594727,139.7864532470703,343.1840515136719,147.9904022216797,46.8585205078125,50.883853912353516,140.37750244140625,43.725372314453125,51.38644790649414,186.14122009277344
2021-12-20,165.953857421875,308.1671447753906,27.66391372680664,137.2717742919922,334.0246887207031,147.5681610107422,48.07174301147461,50.71638107299805,140.73411560058594,43.867183685302734,50.641727447509766,180.67822265625
2021-12-21,169.1214599609375,315.2761535644531,29.0172176361084,139.1890106201172,341.85382080078125,147.09312438964844,46.440982818603516,50.91910934448242,140.6449432373047,43.999542236328125,51.78877639770508,183.3126678466797
2021-12-22,171.712158203125,320.96923828125,29.341569900512695,139.73297119140625,343.6605224609375,147.72650146484375,46.913665771484375,51.280494689941406,142.03570556640625,44.05626678466797,52.208229064941406,186.86227416992188
2021-12-23,172.33786010742188,322.4045715332031,29.581096649169922,140.2322998046875,346.0964050292969,148.0080108642578,46.251914978027344,51.315738677978516,142.73106384277344,43.95857620239258,52.23390197753906,190.6060028076172
2021-12-27,176.29733276367188,329.8797607421875,30.88350486755371,141.03488159179688,348.7929992675781,149.2571563720703,46.63793182373047,51.694759368896484,144.39822387695312,44.35879898071289,52.9786376953125,190.77236938476562
2021-12-28,175.28053283691406,328.7237548828125,30.26173973083496,141.462890625,348.4065246582031,149.8553466796875,45.70045852661133,51.89748001098633,145.17384338378906,44.99538803100586,52.80742263793945,190.99420166015625
2021-12-29,175.36854553222656,329.3980712890625,29.941377639770508,141.3915557861328,347.1391296386719,150.9110107421875,45.361698150634766,51.95917510986328,146.3773651123047,44.97331619262695,52.34518814086914,191.65049743652344
2021-12-30,174.21493530273438,326.8646545410156,29.527202606201172,141.32025146484375,346.5278625488281,151.57955932617188,46.0076904296875,51.80933380126953,145.11141967773438,45.118282318115234,52.03702163696289,190.49505615234375
2021-12-31,173.59901428222656,323.9747009277344,29.352548599243164,141.20431518554688,343.8582458496094,150.48875427246094,46.51975631713867,52.18833541870117,145.8335723876953,45.5972900390625,52.379432678222656,191.10513305664062
2022-01-03,177.9397430419922,322.46234130859375,30.061138153076172,144.1915740966797,355.34564208984375,150.90219116210938,44.6290397644043,52.267662048339844,145.22732543945312,45.58469009399414,54.39106369018555,191.34548950195312
2022-01-04,175.681396484375,316.93310546875,29.23179054260254,149.65786743164062,366.26678466796875,150.49754333496094,42.95889663696289,53.1402702331543,145.73548889160156,44.749568939208984,56.436927795410156,201.58753967285156
2022-01-05,171.00830078125,304.76666259765625,27.549142837524414,146.92178344726562,358.31195068359375,151.50035095214844,43.82548141479492,53.580970764160156,146.39523315429688,45.35462951660156,57.13885498046875,203.13125610351562
2022-01-06,168.153564453125,302.3583679199219,28.121999740600586,148.48268127441406,356.78387451171875,150.9813690185547,43.2031135559082,53.29890823364258,145.16493225097656,45.228572845458984,58.48280715942383,205.20184326171875
2022-01-07,168.3197784423828,302.5126037597656,27.19285011291504,149.95388793945312,357.30523681640625,153.0222930908203,43.89637756347656,53.17551803588867,145.0846710205078,45.66031265258789,58.96216583251953,207.23548889160156
2022-01-10,168.33929443359375,302.734130859375,27.345544815063477,150.097412109375,358.7972717285156,152.2657470703125,44.306034088134766,53.26366424560547,143.1055450439453,45.572086334228516,58.61119842529297,204.87831115722656
2022-01-11,171.1646728515625,303.4180908203125,27.761716842651367,150.24990844726562,362.2847900390625,150.6470947265625,44.660552978515625,53.28128433227539,141.44732666015625,45.442867279052734,61.0765266418457,203.31610107421875
2022-01-12,171.60464477539062,306.5872497558594,27.9433536529541,151.10211181640625,350.8334045410156,149.3627166748047,44.6290397644043,53.36061477661133,141.75933837890625,45.203372955322266,60.896751403808594,205.58082580566406
2022-01-13,168.33929443359375,293.6117248535156,26.522188186645508,150.91372680664062,351.27386474609375,148.4566650390625,43.754581451416016,53.67792892456055,141.11744689941406,45.843109130859375,60.46018600463867,209.83297729492188
2022-01-14,169.1996612548828,298.8134765625,26.888456344604492,141.63804626464844,342.4111633300781,147.64730834960938,43.28977584838867,54.10980987548828,142.47256469726562,45.713897705078125,61.52164840698242,211.62628173828125
2022-01-18,166.0028076171875,291.5406188964844,25.851524353027344,135.69944763183594,318.555419921875,146.99636840820312,42.62801742553711,53.67792892456055,139.72669982910156,44.91343688964844,62.55741882324219,212.4858856201172
2022-01-19,162.51258850097656,292.1957092285156,25.017179489135742,133.600341796875,312.1914978027344,146.53890991210938,42.17897033691406,53.76605987548828,144.42495727539062,45.360939025878906,62.58309555053711,205.89102172851562
2022-01-20,160.83108520507812,290.5292053222656,24.102001190185547,132.4610595703125,312.89263916015625,145.36892700195312,42.58074951171875,53.54570770263672,145.2047576904297,44.503761291503906,62.720062255859375,201.2188262939453
2022-01-21,158.77804565429688,285.1636657714844,23.327547073364258,130.1466064453125,309.1263427734375,145.03465270996094,41.58811569213867,53.28128433227539,145.76051330566406,44.179176330566406,61.7784423828125,198.85952758789062
2022-01-24,158.00570678710938,285.4911804199219,23.325551986694336,130.0299835205078,308.65899658203125,143.3632354736328,40.603370666503906,52.84939193725586,144.5773468017578,44.18231964111328,62.30918502807617,199.08250427246094
2022-01-25,156.2068634033203,277.9004211425781,22.279632568359375,131.44737243652344,307.00506591796875,147.4626007080078,41.391170501708984,52.72599792480469,142.99978637695312,43.221153259277344,64.14105224609375,199.0639190673828
2022-01-26,156.11888122558594,285.818603515625,22.726747512817383,132.69432067871094,308.0207824707031,148.1223907470703,41.76143264770508,52.532081604003906,141.75392150878906,42.77996063232422,63.490482330322266,199.0453338623047
2022-01-27,155.6593475341797,288.8338623046875,21.900394439697266,130.35292053222656,306.5376281738281,150.06649780273438,42.36471176147461,52.57615661621094,142.63230895996094,42.80832290649414,64.30369567871094,197.07614135742188
2022-01-28,166.5209197998047,296.94476318359375,22.79460906982422,131.51913452148438,311.9128112792969,151.1220703125,43.12676239013672,53.625030517578125,143.86026000976562,43.337745666503906,64.44065856933594,186.84938049316406
2022-01-31,170.87139892578125,299.5648498535156,24.43733787536621,133.30430603027344,318.8071594238281,151.5619354248047,41.82493591308594,53.774871826171875,143.8154754638672,44.05942153930664,65.02273559570312,187.220947265625
2022-02-01,170.70523071289062,297.42633056640625,24.58903694152832,135.591796875,327.23834228515625,150.32159423828125,42.1265754699707,53.37824630737305,143.1790771484375,44.40607452392578,69.1915283203125,190.74130249023438
2022-02-02,171.90768432617188,301.9538879394531,25.19183349609375,134.50634765625,326.3395080566406,151.98422241210938,42.75367736816406,53.92471694946289,145.74253845214844,44.38716125488281,69.01175689697266,190.36050415039062
2022-02-03,169.033447265625,290.19207763671875,23.900405883789062,133.3939971923828,322.5823059082031,151.97543334960938,42.37265396118164,54.30372619628906,147.12290954589844,44.43128204345703,68.20712280273438,186.3199462890625
2022-02-04,168.7495880126953,294.7098388671875,24.27066993713379,136.8566436767578,330.4203186035156,150.9813690185547,42.07101821899414,53.730804443359375,144.78350830078125,43.90815734863281,69.68801879882812,184.29505920410156
2022-02-07,168.03500366210938,289.903076171875,24.678857803344727,137.31417846679688,330.9146728515625,150.47996520996094,42.23771286010742,54.2949104309082,143.69894409179688,43.476409912109375,70.52689361572266,185.60472106933594
2022-02-08,171.13809204101562,293.3804931640625,25.058101654052734,139.89773559570312,332.66754150390625,150.8757781982422,41.03908920288086,54.6474723815918,143.37625122070312,43.485870361328125,68.7035903930664,187.1652069091797
2022-02-09,172.55743408203125,299.7864990234375,26.651926040649414,140.4808349609375,336.6494445800781,150.8582000732422,40.85651779174805,53.80131530761719,143.05360412597656,43.39133071899414,68.37471771240234,189.11582946777344
2022-02-10,168.48526000976562,291.2806396484375,25.772674560546875,139.89773559570312,333.0899658203125,149.0372314453125,40.16590881347656,54.10099792480469,140.87550354003906,42.88395309448242,67.71692657470703,188.62353515625
2022-02-11,165.07879638671875,284.2100524902344,23.901403427124023,138.07666015625,326.3395080566406,147.53297424316406,40.30879592895508,53.1402702331543,140.08673095703125,42.64759826660156,69.4219741821289,186.92369079589844
2022-02-14,165.313720703125,284.17138671875,24.218772888183594,136.79388427734375,323.80474853515625,145.67689514160156,39.530879974365234,53.4840087890625,140.49014282226562,42.212711334228516,68.35738372802734,185.6697540283203
2022-02-15,169.14112854003906,289.4406433105469,26.44234848022461,138.79437255859375,327.1305236816406,147.18112182617188,39.52294158935547,53.686729431152344,140.56179809570312,42.34507369995117,67.50054931640625,188.9393310546875
2022-02-16,168.9062042236328,289.10284423828125,26.458309173583984,139.04551696777344,323.63385009765625,147.09312438964844,39.43562316894531,53.67792892456055,141.62843322753906,42.08034896850586,67.81212615966797,189.1529541015625
2022-02-17,165.313720703125,280.6372985839844,24.458295822143555,135.84300231933594,313.7555236816406,146.1958465576172,38.816471099853516,54.75324249267578,143.25079345703125,43.76634216308594,67.7082748413086,180.88612365722656
2022-02-18,163.76705932617188,277.93450927734375,23.595012664794922,136.4799041748047,311.0409851074219,144.6287841796875,38.522762298583984,55.123443603515625,143.322509765625,43.485870361328125,66.95528411865234,178.29457092285156
2022-02-22,160.85000610351562,277.7318115234375,23.343515396118164,136.23768615722656,309.449951171875,142.663330078125,37.728965759277344,54.89427185058594,141.55673217773438,43.00056076049805,66.17632293701172,177.60723876953125
2022-02-23,156.6897430419922,270.5403747558594,22.34250831604004,133.385009765625,306.6815185546875,142.7341766357422,37.2050666809082,54.28609848022461,139.7909698486328,42.559364318847656,66.44462585449219,173.39019775390625
2022-02-24,159.30335998535156,284.36334228515625,23.700803756713867,129.67117309570312,305.78265380859375,140.00732421875,36.48271560668945,53.334163665771484,136.02639770507812,42.39549255371094,65.60509490966797,171.55105590820312
2022-02-25,161.3688201904297,286.9888916015625,24.108991622924805,132.73912048339844,314.70831298828125,146.966064453125,37.87979507446289,55.39667510986328,141.8345947265625,42.97848892211914,67.37071990966797,173.75245666503906
2022-02-28,161.63308715820312,288.41754150390625,24.336536407470703,127.20425415039062,306.77142333984375,145.7000274658203,37.260623931884766,54.859004974365234,139.72821044921875,42.59402847290039,67.87271881103516,174.23545837402344
2022-03-01,159.75363159179688,284.7108459472656,23.430341720581055,122.4049301147461,296.7442932128906,145.19540405273438,36.316017150878906,54.62103271484375,137.41571044921875,42.8555908203125,68.52183532714844,169.82337951660156
2022-03-02,163.04269409179688,289.76885986328125,24.175979614257812,124.94361877441406,304.1402587890625,147.00148010253906,37.86391830444336,55.026485443115234,137.84591674804688,42.90916442871094,69.69893646240234,178.90762329101562
2022-03-03,162.71966552734375,285.647216796875,23.6709041595459,124.05548095703125,301.4639587402344,149.1616973876953,37.96710968017578,55.06174087524414,138.35682678222656,43.89554977416992,70.14032745361328,180.98828125
2022-03-04,159.7242889404297,279.79754638671875,22.894319534301758,120.56591033935547,298.0733642578125,150.0470428466797,38.618019104003906,55.14987564086914,139.05596923828125,45.00798416137695,72.78010559082031,181.74066162109375
2022-03-07,155.93600463867188,269.22760009765625,21.313194274902344,115.91015625,291.0390625,152.4640655517578,38.08617401123047,53.836578369140625,136.99441528320312,44.64557647705078,75.40258026123047,182.7066650390625
2022-03-08,154.1152801513672,266.27386474609375,21.47490119934082,115.09381866455078,290.5688171386719,149.37417602539062,37.657527923583984,51.70356750488281,131.5716552734375,43.72222137451172,75.97383117675781,195.06051635742188
2022-03-09,159.5089111328125,278.48468017578125,22.972177505493164,119.70476531982422,301.6176452636719,149.94078063964844,38.69739532470703,51.967987060546875,133.34640502929688,43.949119567871094,71.65495300292969,194.8561553955078
2022-03-10,155.1724853515625,275.67572021484375,22.6168212890625,118.2873764038086,298.28131103515625,150.20643615722656,39.054603576660156,51.01606369018555,129.91348266601562,44.94810104370117,73.87930297851562,196.7231903076172
2022-03-11,151.4625244140625,270.3473815917969,22.059837341308594,115.62307739257812,295.6592102050781,149.9319610595703,39.90396499633789,51.051326751708984,128.37179565429688,44.77162551879883,73.49848175048828,199.54689025878906
2022-03-14,147.43927001953125,266.8433532714844,21.291234970092773,116.77133178710938,293.8329772949219,152.00367736816406,41.47566604614258,51.992767333984375,130.0120391845703,45.395599365234375,70.86737060546875,200.11349487304688
2022-03-15,151.8148956298828,277.18157958984375,22.931245803833008,118.84356689453125,297.61224365234375,155.94342041015625,41.44391632080078,52.951969146728516,134.6908721923828,45.94078063964844,66.83411407470703,201.0609588623047
2022-03-16,156.21987915039062,284.17022705078125,24.451486587524414,124.1541748046875,308.10052490234375,154.50918579101562,42.007511138916016,52.80986404418945,134.23370361328125,45.8052864074707,66.58312225341797,200.7079620361328
2022-03-17,157.22811889648438,284.9714050292969,24.720996856689453,125.72408294677734,310.3699035644531,156.5277557373047,43.05532455444336,53.36941146850586,134.65501403808594,45.87488555908203,68.35738372802734,205.92816162109375
2022-03-18,160.51718139648438,290.0006408691406,26.40492820739746,125.67919158935547,312.2776794433594,154.79246520996094,43.2696418762207,53.3782958984375,134.5832977294922,46.01091003417969,68.08909606933594,205.19436645507812
2022-03-21,161.88763427734375,288.774658203125,26.68541717529297,125.27552795410156,306.5090637207031,155.66891479492188,43.015628814697266,53.804603576660156,135.09422302246094,45.62812805175781,71.14430236816406,207.79518127441406
2022-03-22,165.25497436523438,293.5044860839844,26.47579574584961,127.93982696533203,310.13482666015625,154.93414306640625,42.10277557373047,54.0,136.13394165039062,45.492088317871094,70.8327407836914,206.86634826660156
2022-03-23,166.61561584472656,289.09320068359375,25.587411880493164,125.39215850830078,303.4440612792969,154.34982299804688,41.42804718017578,53.64474105834961,135.18385314941406,44.90682601928711,71.94923400878906,206.3647003173828
2022-03-24,170.39410400390625,293.5430908203125,28.098840713500977,126.20852661132812,304.004638671875,155.14662170410156,41.74555587768555,54.15986633300781,135.41688537597656,45.18523025512695,72.16559600830078,206.40191650390625
2022-03-25,171.03036499023438,293.1377258300781,27.641679763793945,127.31187438964844,305.1438903808594,156.63397216796875,41.89637756347656,54.648353576660156,136.9854736328125,45.38136672973633,73.74081420898438,207.47006225585938
2022-03-28,171.89183044433594,299.9140319824219,28.16771697998047,126.36997985839844,303.16375732421875,157.43963623046875,42.293277740478516,54.99473571777344,137.9266357421875,46.18808364868164,71.67225646972656,206.0675048828125
2022-03-29,175.1808624267578,304.46051025390625,28.603919982910156,126.6480484008789,307.10589599609375,157.35995483398438,41.8646240234375,55.2078971862793,139.34280395507812,46.57719802856445,71.29145050048828,205.3151092529297
2022-03-30,174.01596069335938,302.9643249511719,27.639684677124023,126.07392883300781,303.42596435546875,158.99783325195312,41.626487731933594,55.25230407714844,138.3837127685547,47.41237258911133,72.51180267333984,207.20997619628906
2022-03-31,170.92271423339844,297.6070251464844,27.23641014099121,122.2883071899414,298.4621887207031,156.9084014892578,41.09465026855469,55.06578826904297,136.95858764648438,47.111839294433594,71.48185729980469,206.96852111816406
2022-04-01,170.6290283203125,298.678466796875,26.663455963134766,121.38224792480469,298.5706787109375,157.75836181640625,40.93589782714844,55.83848571777344,139.01113891601562,47.77301788330078,71.94059753417969,204.13543701171875
2022-04-04,174.6718292236328,304.0358581542969,27.310277938842773,121.92050170898438,296.7532653808594,156.23556518554688,40.4358024597168,55.54540252685547,138.1058349609375,47.78251266479492,71.97520446777344,205.1015167236328
2022-04-05,171.3631591796875,300.0877380371094,25.883878707885742,120.50165557861328,292.9106750488281,157.24485778808594,40.6739387512207,55.48322296142578,138.58985900878906,47.91854476928711,71.60304260253906,200.65223693847656
2022-04-06,168.20140075683594,289.10284423828125,24.362642288208008,118.82977294921875,285.9486083984375,161.33511352539062,41.96781539916992,56.04276657104492,140.57077026367188,49.03212356567383,72.3992919921875,200.8287353515625
2022-04-07,168.50486755371094,290.90789794921875,24.164003372192383,118.46829986572266,284.0408630371094,160.9189910888672,43.785606384277344,56.3447380065918,142.39027404785156,49.52248001098633,73.61100769042969,200.54078674316406
2022-04-08,166.49815368652344,286.6606140136719,23.076984405517578,120.63723754882812,290.58697509765625,161.23773193359375,43.79353713989258,56.691131591796875,143.50173950195312,49.797706604003906,75.16024780273438,201.59039306640625
2022-04-11,162.24977111816406,275.35723876953125,21.877172470092773,120.19440460205078,290.017333984375,159.2191619873047,42.80923843383789,56.67335891723633,142.9550018310547,48.8106689453125,72.57239532470703,200.6800994873047
2022-04-12,164.1194610595703,272.26837158203125,21.464920043945312,118.87499237060547,289.1313171386719,159.2722930908203,42.15833282470703,57.3394775390625,142.5247344970703,48.47533416748047,74.08702850341797,201.28387451171875
2022-04-13,166.80162048339844,277.63525390625,22.162649154663086,115.04319763183594,291.11138916015625,159.9451446533203,42.150390625,57.49046325683594,142.92808532714844,49.73759078979492,75.13426971435547,202.74215698242188
2022-04-14,161.79953002929688,270.1156311035156,21.21936798095703,113.97682189941406,290.81304931640625,159.2722930908203,42.1662712097168,57.748023986816406,142.13035583496094,49.693302154541016,76.01709747314453,211.60350036621094
2022-04-18,161.5841827392578,270.78167724609375,21.74341583251953,116.0915298461914,298.2633056640625,157.2891387939453,41.15021514892578,57.2328987121582,140.7769317626953,49.31368637084961,76.64025115966797,213.56338500976562
2022-04-19,163.8649139404297,275.395751953125,22.15765953063965,118.49540710449219,303.75152587890625,162.08766174316406,39.832515716552734,57.79243469238281,142.88328552246094,49.87363052368164,75.9565200805664,215.64402770996094
2022-04-20,163.6985321044922,276.4189758300781,21.442960739135742,118.91112518310547,308.3717346191406,162.8048095703125,39.491188049316406,58.58289337158203,146.6837158203125,50.50000762939453,76.12959289550781,218.35629272460938
2022-04-21,162.90562438964844,271.06158447265625,20.146318435668945,117.98933410644531,302.2596130371094,162.3355712890625,38.983154296875,58.804935455322266,146.56924438476562,50.57594299316406,75.3246841430664,216.02488708496094
2022-04-22,158.37339782714844,264.51702880859375,19.479534149169922,114.60039520263672,289.1221923828125,160.72422790527344,38.20524597167969,57.952308654785156,145.34339904785156,49.62370681762695,73.68024444580078,201.87583923339844
2022-04-25,159.4403839111328,270.9747619628906,19.865829467773438,114.56425476074219,290.61407470703125,164.68170166015625,38.85615921020508,58.565147399902344,146.51516723632812,49.649017333984375,71.19624328613281,202.24916076660156
2022-04-26,153.4888458251953,260.8393249511719,18.753854751586914,111.17530822753906,283.10955810546875,163.50421142578125,38.91965103149414,57.774681091308594,144.02743530273438,49.13019561767578,71.22219848632812,196.27593994140625
2022-04-27,153.26364135742188,273.38800048828125,18.381534576416016,109.72935485839844,283.2090148925781,161.2200469970703,39.483253479003906,58.227622985839844,143.63986206054688,48.794857025146484,73.25614166259766,199.69187927246094
2022-04-28,160.18435668945312,279.57550048828125,19.746051788330078,111.46449279785156,287.8925476074219,162.42410278320312,40.0944709777832,58.78717041015625,147.29031372070312,49.41807556152344,75.4718246459961,198.27325439453125
2022-04-29,154.32081604003906,267.88580322265625,18.513294219970703,107.86770629882812,276.21087646484375,159.76808166503906,38.9514045715332,57.38388442993164,144.7124481201172,48.39940643310547,73.78410339355469,196.4999237060547
2022-05-02,154.6243133544922,274.5946044921875,19.497499465942383,108.85275268554688,280.6683654785156,158.15676879882812,38.3719367980957,56.3447380065918,142.7565155029297,48.07989501953125,74.7880859375,197.92791748046875
2022-05-03,156.11219787597656,271.9980163574219,19.566375732421875,111.1843490600586,284.5019836425781,157.84690856933594,39.12604522705078,56.025001525878906,140.80056762695312,48.247554779052734,76.32867431640625,199.37454223632812
2022-05-04,162.51409912109375,279.9132995605469,20.29704475402832,114.86245727539062,293.0461730957031,159.53790283203125,39.41974639892578,57.75690841674805,141.83714294433594,48.915077209472656,79.36658477783203,207.7463836669922
2022-05-05,153.45941162109375,267.7218322753906,18.80975341796875,111.98866271972656,283.06439208984375,156.49232482910156,38.459259033203125,57.29507064819336,139.2232208251953,48.49596405029297,78.16353607177734,201.530517578125
2022-05-06,154.1848602294922,265.1927490234375,18.64105987548828,111.80790710449219,282.9649353027344,156.1470489501953,38.92759704589844,57.49934005737305,140.61129760742188,47.48628616333008,79.35792541503906,200.3358612060547
2022-05-09,149.0675506591797,255.39503479003906,16.91919708251953,110.12699890136719,279.2850341796875,156.9969482421875,38.61008071899414,57.38388442993164,140.259765625,48.041927337646484,73.10035705566406,192.5333251953125
2022-05-10,151.46937561035156,260.144287109375,17.563026428222656,107.44296264648438,275.8221130371094,156.78448486328125,39.2848014831543,56.85099411010742,139.52066040039062,47.36563491821289,73.58502960205078,189.4534149169922
2022-05-11,143.6170196533203,251.50497436523438,16.599777221679688,106.7651596069336,272.6484680175781,155.9346160888672,39.253055572509766,57.117431640625,137.55569458007812,46.870330810546875,75.11698150634766,191.52537536621094
2022-05-12,139.7545623779297,246.4855194091797,16.145606994628906,106.6748046875,270.713623046875,157.47506713867188,40.32540512084961,57.29507064819336,136.99685668945312,46.82588195800781,75.4579849243164,189.4907684326172
2022-05-13,144.21498107910156,252.05519104003906,17.673818588256836,107.6236801147461,277.5670471191406,156.57200622558594,39.94927978515625,58.36973571777344,138.46604919433594,47.00685119628906,77.69636535644531,190.7040557861328
2022-05-16,142.6759033203125,252.4220428466797,17.232624053955078,106.87360382080078,274.3572692871094,157.6609649658203,40.54947280883789,58.58289337158203,139.81805419921875,47.05765151977539,79.52379608154297,193.37332153320312
2022-05-17,146.30308532714844,257.5573425292969,18.143966674804688,110.41617584228516,282.97393798828125,158.3161163330078,41.085655212402344,58.423030853271484,139.42147827148438,41.70449447631836,80.53804779052734,198.8798828125
2022-05-18,138.04881286621094,245.8308563232422,16.907217025756836,108.52742004394531,277.3320007324219,155.37681579589844,40.333412170410156,54.355262756347656,130.73243713378906,38.87234115600586,79.26148986816406,194.0733184814453
2022-05-19,134.6470947265625,244.92135620117188,17.092880249023438,106.91879272460938,278.6611633300781,153.99563598632812,40.533477783203125,53.28947448730469,127.72190856933594,37.80551528930664,79.68991088867188,192.9720001220703
2022-05-20,134.88233947753906,244.36019897460938,16.663660049438477,106.04219818115234,277.395263671875,156.6870880126953,41.989967346191406,54.15986633300781,127.80304718017578,37.84678649902344,80.31947326660156,184.62818908691406
2022-05-23,140.293701171875,252.18751525878906,16.867290496826172,112.60318756103516,286.2651062011719,159.8858642578125,42.31807327270508,55.82960510253906,130.741455078125,38.92630386352539,82.09442901611328,190.5360565185547
2022-05-24,137.59783935546875,251.19094848632812,16.1246395111084,114.1937255859375,283.8600769042969,161.63229370117188,42.74221420288086,56.859867095947266,133.0669403076172,39.4120979309082,82.54035949707031,191.93601989746094
2022-05-25,137.7547149658203,253.99681091308594,16.944150924682617,114.98899841308594,284.7190246582031,160.0462646484375,42.9822883605957,56.90428161621094,130.88568115234375,39.17078399658203,84.20167541503906,195.3519744873047
2022-05-26,140.95054626464844,257.2670593261719,17.818557739257812,116.97718048095703,292.6122741699219,159.90370178222656,43.20636749267578,57.10855484008789,132.0303955078125,40.00583267211914,84.49894714355469,198.78656005859375
2022-05-27,146.69522094726562,264.3687438964844,18.776819229125977,118.63096618652344,297.0878601074219,161.3560791015625,43.1423454284668,57.4460563659668,134.04942321777344,40.79325866699219,85.32959747314453,202.65982055664062
2022-05-31,145.9109649658203,263.0432434082031,18.63806915283203,119.49854278564453,297.33349609375,159.96607971191406,42.44612121582031,56.291446685791016,133.29229736328125,40.840877532958984,83.93933868408203,201.45582580566406
2022-06-01,145.78350830078125,263.5753479003906,18.28670310974121,117.40192413330078,292.7850341796875,158.34442138671875,41.90992736816406,56.016117095947266,131.27325439453125,39.831207275390625,85.54818725585938,203.06114196777344
2022-06-02,148.23434448242188,265.6652526855469,19.556394577026367,119.2906723022461,294.96832275390625,157.8454132080078,42.158016204833984,56.6023063659668,132.68841552734375,40.48527526855469,85.3995361328125,205.32907104492188
2022-06-03,142.51904296875,261.2532958984375,18.685977935791016,117.62783813476562,289.9012451171875,157.19497680664062,42.574153900146484,55.927303314208984,131.49856567382812,39.78993606567383,86.64112854003906,208.03567504882812
2022-06-06,143.26405334472656,260.0245361328125,18.751859664916992,117.23924255371094,291.56597900390625,157.1771697998047,42.62217712402344,55.83848571777344,130.98484802246094,39.64704513549805,86.42253875732422,208.71701049804688
2022-06-07,145.78350830078125,263.65277099609375,18.891599655151367,117.5465087890625,292.4757080078125,158.90574645996094,43.18235397338867,56.17599105834961,132.44503784179688,39.17078399658203,90.38345336914062,211.95559692382812
2022-06-08,145.0482940673828,261.6306457519531,18.6180419921875,115.67581939697266,286.262451171875,157.9612579345703,42.790225982666016,55.856239318847656,130.7955322265625,38.831058502197266,91.45016479492188,214.4755859375
2022-06-09,139.83299255371094,256.19317626953125,18.019012451171875,113.24481201171875,276.7471008300781,154.7803192138672,41.43777847290039,54.888153076171875,128.43399047851562,38.424652099609375,89.4740982055664,208.75437927246094
2022-06-10,134.43141174316406,244.7762451171875,16.946735382080078,108.03941345214844,261.1003112792969,153.74671936035156,39.98929214477539,54.54178237915039,127.94725036621094,38.64055252075195,87.8390121459961,200.83050537109375
2022-06-13,129.2847442626953,234.3945770263672,15.621865272521973,104.82218170166016,257.7344970703125,152.19630432128906,38.34075927734375,54.479610443115234,124.52210235595703,37.9134635925293,83.80817413330078,193.08401489257812
2022-06-14,130.1473846435547,236.5522003173828,15.810563087463379,103.07798767089844,257.02496337890625,149.86184692382812,38.348751068115234,52.98566436767578,120.63726806640625,37.929344177246094,84.02677917480469,192.9066619873047
2022-06-15,132.7648468017578,243.58616638183594,16.50045394897461,104.29801177978516,263.87493896484375,151.4656524658203,38.82090759277344,53.379276275634766,119.43846130371094,37.903934478759766,82.96879577636719,192.26271057128906
2022-06-16,127.5005111694336,237.01658630371094,15.575940132141113,102.5086441040039,259.2445983886719,151.54586791992188,37.99664306640625,52.842533111572266,120.16857147216797,38.29764938354492,79.90850830078125,181.8002166748047
2022-06-17,128.97100830078125,239.609619140625,15.854491233825684,102.14717102050781,254.5232696533203,150.99343872070312,37.236385345458984,53.164588928222656,119.30327606201172,37.557857513427734,75.30057525634766,179.79364013671875
2022-06-21,133.19618225097656,245.50186157226562,16.539390563964844,104.6775894165039,259.0898742675781,154.1565704345703,38.500797271728516,54.300697326660156,122.91769409179688,38.78977584838867,79.98721313476562,183.27488708496094
2022-06-22,132.6864013671875,244.91168212890625,16.333723068237305,104.09016418457031,258.8442687988281,156.589111328125,39.26905822753906,54.70325469970703,124.83756256103516,38.31986999511719,76.82197570800781,175.3043975830078
2022-06-23,135.54896545410156,250.45562744140625,16.198936462402344,102.95146942138672,260.3271179199219,160.0819091796875,40.0853271484375,55.356292724609375,128.26272583007812,39.25017547607422,74.50492095947266,166.75521850585938
2022-06-24,138.8722381591797,259.0086669921875,17.098491668701172,106.02411651611328,275.4098205566406,162.42529296875,41.285728454589844,56.39400100708008,130.1105194091797,39.281925201416016,75.98259735107422,173.1204376220703
2022-06-27,138.8722381591797,256.2899169921875,16.841901779174805,105.17463684082031,273.6177673339844,162.2738037109375,41.517799377441406,56.277706146240234,129.1190185546875,39.40892028808594,77.84500122070312,175.08041381835938
2022-06-28,134.73529052734375,248.15292358398438,15.956327438354492,104.66853332519531,272.4442138671875,157.6583251953125,40.54148483276367,55.7141227722168,127.01885223388672,38.85328674316406,80.00468444824219,174.9403839111328
2022-06-29,136.49009704589844,251.81021118164062,15.517033576965332,104.19859313964844,275.89202880859375,157.70286560058594,40.76555633544922,56.11667251586914,128.172607421875,38.71041488647461,77.04933166503906,171.2444610595703
2022-06-30,134.0294647216797,248.49154663085938,15.134650230407715,101.76761627197266,270.1972961425781,158.1662139892578,41.957950592041016,56.277706146240234,129.60572814941406,38.60245132446289,74.8808822631836,166.8391876220703
2022-07-01,136.1959686279297,251.1522674560547,14.499670028686523,103.0689697265625,272.2077331542969,159.95718383789062,41.86192321777344,57.59272766113281,131.6968994140625,38.93583297729492,76.55093383789062,166.4005584716797
2022-07-05,138.7742156982422,254.31614685058594,14.939962387084961,102.67693328857422,270.361083984375,158.72752380371094,41.32573318481445,56.60869216918945,130.42599487304688,39.450199127197266,74.15516662597656,162.17263793945312
2022-07-06,140.10748291015625,257.5670166015625,15.105698585510254,102.01136016845703,267.2317199707031,158.8701171875,42.21403503417969,56.72499084472656,131.642822265625,39.72959518432617,72.81736755371094,160.8193359375
2022-07-07,143.46998596191406,259.6858215332031,15.832528114318848,104.59152221679688,271.6346435546875,159.04830932617188,42.75020980834961,56.277706146240234,131.5977020263672,39.78993606567383,75.14320373535156,168.2578582763672
2022-07-08,144.14637756347656,258.9699401855469,15.812560081481934,104.26329803466797,269.69696044921875,158.852294921875,42.55014419555664,56.483463287353516,130.71444702148438,39.815338134765625,75.26560974121094,167.15652465820312
2022-07-11,142.01910400390625,255.92221069335938,15.127660751342773,102.89573669433594,266.7040710449219,158.9146728515625,42.32606887817383,56.304542541503906,131.6338348388672,39.831207275390625,74.8808822631836,163.34864807128906
2022-07-12,142.98959350585938,245.43414306640625,15.057771682739258,102.99604034423828,266.11279296875,156.6870880126953,41.645843505859375,56.06300354003906,130.47105407714844,39.71055603027344,73.88410949707031,162.85397338867188
2022-07-13,142.62689208984375,244.51498413085938,15.139643669128418,102.02961730957031,263.94769287109375,156.32177734375,41.44578552246094,55.80356979370117,131.3273468017578,39.80580520629883,74.18138122558594,162.27532958984375
2022-07-14,145.5482177734375,245.8308563232422,15.347306251525879,98.46481323242188,256.16070556640625,156.53562927246094,41.12567138671875,55.624664306640625,130.9397430419922,40.58369064331055,72.6949691772461,158.6073760986328
2022-07-15,147.2147674560547,248.38511657714844,15.73668098449707,102.97779083251953,267.3317565917969,158.80775451660156,41.41376876831055,55.910926818847656,130.7594757080078,40.98058319091797,73.91907501220703,161.81800842285156
2022-07-18,144.17581176757812,245.99530029296875,16.075136184692383,101.92019653320312,274.0544128417969,155.24363708496094,40.613502502441406,55.150543212890625,129.17308044433594,40.88532638549805,75.28308868408203,161.92066955566406
2022-07-19,148.02847290039062,251.10389709472656,16.964706420898438,104.44564819335938,289.3281555175781,152.9804229736328,41.10966873168945,55.93775939941406,129.83108520507812,41.13616180419922,77.18047332763672,168.6873321533203
2022-07-20,150.02833557128906,253.7549285888672,17.778398513793945,104.42742919921875,292.42108154296875,152.10723876953125,40.669517517089844,55.01634979248047,127.58670806884766,41.47906494140625,78.02860260009766,169.13845825195312
2022-07-21,152.29286193847656,256.2415466308594,18.02100372314453,105.13854217529297,297.051513671875,152.64183044433594,40.90959548950195,54.891117095947266,127.7073974609375,42.085514068603516,76.72579956054688,170.0970458984375
2022-07-22,151.0576629638672,251.90696716308594,17.29117774963379,104.62799072265625,294.6771545410156,153.36355590820312,40.99762725830078,55.096858978271484,129.74859619140625,41.977542877197266,76.13996124267578,167.86965942382812
2022-07-25,149.9400634765625,250.4265594482422,16.996658325195312,105.0473861694336,294.8500061035156,153.66651916503906,41.429779052734375,55.633609771728516,130.62857055664062,41.91722106933594,78.6756591796875,170.86770629882812
2022-07-26,148.6166534423828,243.7216033935547,16.50644302368164,103.40628814697266,289.782958984375,154.75352478027344,41.85392761230469,56.546077728271484,130.882568359375,38.72945785522461,78.36959838867188,170.3225860595703
2022-07-27,153.70449829101562,260.01483154296875,17.761425018310547,105.06561279296875,295.23211669921875,154.32586669921875,41.573822021484375,56.36716079711914,132.12547302246094,40.19315719604492,80.06590270996094,174.1006317138672
2022-07-28,154.2534942626953,267.4358825683594,17.955108642578125,104.6735610961914,299.3893737792969,155.21690368652344,40.904449462890625,57.306461334228516,134.32089233398438,41.19648742675781,81.00146484375,176.53475952148438
2022-07-29,159.31192016601562,271.625244140625,18.13382339477539,105.17501831054688,303.2828674316406,155.50205993652344,40.735084533691406,57.40486526489258,126.01996612548828,41.9267578125,84.75251007080078,186.3182373046875
2022-08-01,158.3316192626953,268.9838562011719,18.411376953125,104.12654113769531,302.09112548828125,154.95848083496094,40.815738677978516,57.71796798706055,129.6396942138672,42.08232498168945,82.61032104492188,183.13226318359375
2022-08-02,156.8611602783203,265.8974609375,18.49624252319336,102.50370025634766,298.2705078125,154.07640075683594,40.07378387451172,56.93074035644531,128.77786254882812,42.12677764892578,82.2518081665039,172.46534729003906
2022-08-03,162.8607177734375,273.2990417480469,18.862651824951172,103.57953643798828,303.082763671875,155.5643768310547,40.21087646484375,57.18122100830078,131.43597412109375,41.43461227416992,79.58499908447266,171.86390686035156
2022-08-04,162.5469970703125,274.44073486328125,19.18413734436035,102.43987274169922,301.9001770019531,153.0695037841797,40.21087646484375,56.957576751708984,131.22731018066406,39.86931228637695,76.23616027832031,172.58753967285156
2022-08-05,162.3212127685547,273.7248229980469,18.958494186401367,105.5396957397461,304.44732666015625,152.463623046875,39.73505783081055,56.69814682006836,131.2908477783203,40.189998626708984,77.33787536621094,174.2322235107422
2022-08-08,161.8500213623047,271.2189025878906,17.764419555664062,104.25418853759766,304.4563903808594,151.65277099609375,39.97699737548828,56.33137893676758,131.78977966308594,40.51702880859375,77.77505493164062,174.62693786621094
2022-08-09,161.89910888671875,273.1346130371094,17.058555603027344,105.19325256347656,306.22125244140625,151.63499450683594,40.146366119384766,56.40293884277344,131.48135375976562,40.917076110839844,79.20902252197266,174.83370971679688
2022-08-10,166.13998413085938,279.7718811035156,18.067928314208984,107.93748474121094,316.4916687011719,152.0716094970703,40.28346252441406,56.939693450927734,132.7241973876953,41.002811431884766,79.96097564697266,179.24143981933594
2022-08-11,165.40371704101562,277.70135498046875,17.913179397583008,109.53299713134766,319.921142578125,148.92623901367188,38.944705963134766,56.55502700805664,131.7807159423828,41.398231506347656,82.27407836914062,182.32406616210938
2022-08-12,168.9475860595703,282.4325866699219,18.67894744873047,111.34730529785156,321.867919921875,147.2867431640625,40.412498474121094,56.98441696166992,133.0598907470703,42.1635627746582,82.98919677734375,184.99310302734375
2022-08-15,170.01760864257812,283.9419860839844,19.001426696777344,111.64814758300781,323.7146301269531,147.9906768798828,40.122169494628906,57.7000732421875,134.77452087402344,42.28474044799805,81.5059814453125,184.1566619873047
2022-08-16,169.86053466796875,283.2066345214844,18.848670959472656,112.71485900878906,322.91400146484375,149.30941772460938,40.21087646484375,58.174198150634766,136.01739501953125,44.44362258911133,80.74671173095703,185.63217163085938
2022-08-17,171.35269165039062,282.46002197265625,18.30554962158203,111.76668548583984,321.795166015625,149.31829833984375,39.73505783081055,58.040008544921875,135.3914031982422,44.491455078125,81.4000244140625,184.13787841796875
2022-08-18,170.95999145507812,281.34503173828125,18.742847442626953,110.90055847167969,322.504638671875,148.59657287597656,39.178592681884766,58.34417724609375,135.87222290039062,44.347957611083984,83.32467651367188,185.472412109375
2022-08-19,168.37820434570312,277.447265625,17.820327758789062,108.15630340576172,317.7287902832031,150.85977172851562,39.63828659057617,58.29944610595703,135.83592224121094,43.69423294067383,83.05982971191406,183.82772827148438
2022-08-22,164.50057983398438,269.302734375,17.006635665893555,106.36933898925781,311.4974365234375,150.33055114746094,39.43666458129883,57.431705474853516,135.47303771972656,42.91295623779297,82.99801635742188,180.2188262939453
2022-08-23,164.16677856445312,268.0325927734375,17.15340232849121,105.32086944580078,309.4597473144531,149.0209197998047,38.718902587890625,57.49432373046875,132.8603057861328,42.73118209838867,86.5206298828125,185.34085083007812
2022-08-24,164.4612579345703,267.4023742675781,17.1943359375,105.576171875,311.060791015625,148.5275421142578,38.251136779785156,57.5748405456543,132.2887725830078,43.0405158996582,87.03269958496094,182.4744110107422
2022-08-25,166.91546630859375,270.36932373046875,17.88422966003418,108.08338165283203,315.1998596191406,149.91793823242188,38.630191802978516,57.85215759277344,132.17990112304688,43.3275146484375,87.48295593261719,186.91033935546875
2022-08-26,160.62289428710938,259.9364929199219,16.233877182006836,104.54592895507812,306.0210266113281,147.3524627685547,37.75919723510742,56.45661926269531,129.08631896972656,41.965858459472656,86.40589141845703,180.3692169189453
2022-08-29,158.42396545410156,257.1634826660156,15.775618553161621,104.29064178466797,303.7650451660156,146.21328735351562,37.28337478637695,56.11667251586914,128.54197692871094,42.3740234375,88.39231872558594,180.2376251220703
2022-08-30,155.99917602539062,254.97225952148438,15.443155288696289,104.30889129638672,303.501220703125,145.7019500732422,36.976905822753906,55.59782409667969,127.17213439941406,42.2464714050293,85.02860260009766,175.68894958496094
2022-08-31,154.3401336669922,253.5178985595703,15.06975269317627,103.68892669677734,304.9127197265625,144.7242431640625,36.47689437866211,55.2042121887207,125.13998413085938,42.268802642822266,84.39293670654297,173.59317016601562
2022-09-01,155.0665740966797,252.48037719726562,13.914610862731934,104.40006256103516,305.6734313964844,148.31228637695312,37.605960845947266,55.46364212036133,126.68223571777344,42.884254455566406,82.87442016601562,171.45980834960938
2022-09-02,152.95596313476562,248.27239990234375,13.625078201293945,103.67070770263672,303.8219909667969,145.9800567626953,36.85593795776367,54.70325469970703,124.43234252929688,42.41230010986328,84.39293670654297,169.94664001464844
2022-09-06,151.69940185546875,245.5478515625,13.44336986541748,103.69804382324219,299.24835205078125,146.37474060058594,36.904319763183594,54.73008346557617,123.04434967041016,42.20182418823242,83.8279037475586,169.7869110107422
2022-09-07,153.10325622558594,250.2406768798828,13.696040153503418,105.66732788085938,302.97869873046875,147.17308044433594,37.202720642089844,55.740962982177734,124.90412139892578,43.28605270385742,83.11280059814453,169.97486877441406
2022-09-08,151.6306915283203,250.65760803222656,13.971678733825684,108.12895202636719,307.3965759277344,148.3571014404297,37.96887969970703,55.570987701416016,125.06741333007812,43.506080627441406,83.79259490966797,172.12705993652344
2022-09-09,154.48741149902344,256.4169006347656,14.368159294128418,108.64862823486328,311.7228088378906,148.64414978027344,38.58180236816406,55.749900817871094,126.97257995605469,43.63683319091797,85.19635009765625,178.08546447753906
2022-09-12,160.43638610839844,258.540283203125,14.486003875732422,109.93415832519531,313.995849609375,148.58135986328125,38.51728057861328,55.910926818847656,128.0067596435547,44.02906799316406,86.17633056640625,180.82034301757812
2022-09-13,151.0220489501953,244.32620239257812,13.113802909851074,106.11407470703125,300.9898681640625,144.71524047851562,37.25110626220703,54.094940185546875,125.35771179199219,43.120235443115234,84.16340637207031,173.2172088623047
2022-09-14,152.46510314941406,244.54920959472656,13.110807418823242,105.867919921875,299.9541015625,147.70230102539062,37.2188606262207,54.38120651245117,125.65709686279297,43.024566650390625,86.22929382324219,173.53675842285156
2022-09-15,149.5789794921875,237.917236328125,12.912067413330078,107.46342468261719,303.9502868652344,148.0790557861328,37.04949188232422,53.64229965209961,124.6864013671875,42.56217575073242,83.72196960449219,171.50680541992188
2022-09-16,147.93955993652344,237.2967071533203,13.180715560913086,106.74315643310547,298.9916687011719,150.3395233154297,37.1220817565918,53.65131759643555,125.44842529296875,42.47288513183594,82.29171752929688,168.6685028076172
2022-09-19,151.65032958984375,237.08335876464844,13.36447525024414,107.72782135009766,301.2373352050781,149.15545654296875,36.646263122558594,54.05680465698242,125.18536376953125,42.83642578125,82.28289794921875,171.14962768554688
2022-09-20,154.02597045898438,235.0763397216797,13.158744812011719,105.60353088378906,296.2878723144531,147.98037719726562,36.105918884277344,53.975711822509766,124.74081420898438,42.587684631347656,81.61192321777344,167.277587890625
2022-09-21,150.90423583984375,231.68276977539062,13.243632316589355,102.55839538574219,293.9505615234375,146.4644317626953,35.42041778564453,53.5251579284668,123.13504791259766,42.97672653198242,80.29646301269531,161.60110473632812
2022-09-22,149.9421844482422,233.6510467529297,12.544548988342285,101.39140319824219,286.81060791015625,149.0657501220703,35.94462585449219,53.399009704589844,123.5705337524414,42.53667068481445,79.96098327636719,160.28536987304688
2022-09-23,147.6745147705078,230.68409729003906,12.499608993530273,99.50416564941406,276.77423095703125,149.55015563964844,35.5494499206543,52.80427551269531,122.99896240234375,41.474769592285156,75.70557403564453,154.3551788330078
2022-09-26,148.00830078125,230.2284393310547,12.211987495422363,97.36164093017578,270.0374450683594,148.6351776123047,35.347835540771484,52.146480560302734,123.11693572998047,41.87336730957031,74.14289093017578,152.8326416015625
2022-09-27,148.98016357421875,229.22003173828125,12.396743774414062,96.50462341308594,267.06787109375,147.95343017578125,35.55751037597656,50.80384826660156,119.73302459716797,41.758575439453125,75.69673156738281,152.66348266601562
2022-09-28,147.09530639648438,233.7383270263672,12.719320297241211,98.4556884765625,275.692626953125,149.22720336914062,35.83171463012695,51.34450149536133,119.73302459716797,42.44737243652344,78.45127868652344,157.66329956054688
2022-09-29,139.87013244628906,230.27688598632812,12.203995704650879,96.78728485107422,271.4031982421875,147.58567810058594,35.61397171020508,50.975059509277344,116.75740051269531,42.17312240600586,78.2923583984375,155.91522216796875
2022-09-30,135.6685333251953,225.8167724609375,12.123101234436035,95.27381896972656,268.5985412597656,146.53616333007812,35.29137420654297,50.47944259643555,114.53474426269531,41.359954833984375,77.08282470703125,154.20480346679688
2022-10-03,139.84068298339844,233.41835021972656,12.495614051818848,98.21866607666016,274.18951416015625,146.39263916015625,35.59783935546875,51.047157287597656,116.58502197265625,42.26241683959961,81.15283203125,160.9244384765625
2022-10-04,143.423828125,241.310791015625,13.14975643157959,102.81367492675781,288.59783935546875,148.56344604492188,35.85590362548828,51.16427993774414,118.02749633789062,42.81090545654297,84.11042785644531,168.8189239501953
2022-10-05,143.71832275390625,241.62103271484375,13.19170093536377,101.54425811767578,283.2176818847656,148.10595703125,35.58171081542969,50.67769241333008,117.21099853515625,42.38678741455078,87.50945281982422,167.64413452148438
2022-10-06,142.7660675048828,239.28433227539062,13.112805366516113,99.47457122802734,279.2489013671875,145.2355194091797,34.75103759765625,49.58736801147461,114.74339294433594,41.99135208129883,90.10505676269531,168.04823303222656
2022-10-07,137.52389526367188,227.11602783203125,12.060184478759766,97.48764038085938,275.9584655761719,143.7015838623047,34.13005447387695,49.118797302246094,112.73847198486328,40.996421813964844,89.19570922851562,166.86407470703125
2022-10-10,137.84786987304688,222.2777862548828,11.654716491699219,96.57695770263672,275.4635314941406,143.88995361328125,33.67036056518555,49.01066207885742,112.27580261230469,41.23878479003906,87.26225280761719,167.9166717529297
2022-10-11,136.43423461914062,218.55458068847656,11.570825576782227,93.7897720336914,269.66168212890625,145.9710693359375,33.80746078491211,49.091758728027344,112.70217895507812,42.30705642700195,86.5206298828125,168.93167114257812
2022-10-12,135.8059539794922,218.88424682617188,11.484938621520996,95.30754852294922,270.669921875,145.9351806640625,33.896175384521484,49.68648910522461,112.88362884521484,41.82872772216797,86.9002914428711,168.69674682617188
2022-10-13,140.37078857421875,227.11602783203125,11.944336891174316,100.60600280761719,281.4486999511719,148.1417999267578,34.66232681274414,50.34428787231445,114.58916473388672,42.182701110839844,89.93733978271484,172.1176300048828
2022-10-14,135.84524536132812,221.6087646484375,11.212297439575195,102.28016662597656,274.9594421386719,147.52288818359375,34.565547943115234,49.54231643676758,113.47331237792969,41.592750549316406,87.5712661743164,167.46554565429688
2022-10-17,139.80145263671875,230.3059539794922,11.872429847717285,106.5759506225586,281.1187438964844,149.43353271484375,35.20266342163086,50.18208312988281,115.52359771728516,41.89249801635742,88.83375549316406,169.91847229003906
2022-10-18,141.11685180664062,231.24647521972656,11.951327323913574,109.31715393066406,287.6629638671875,148.91326904296875,35.55751037597656,50.85791015625,116.45801544189453,42.77582550048828,88.99266052246094,172.50299072265625
2022-10-19,141.22486877441406,229.2878875732422,12.03521728515625,107.17386627197266,285.74737548828125,147.7292022705078,34.76716995239258,50.42539596557617,117.53760528564453,42.65465545654297,91.6324234008789,173.31121826171875
2022-10-20,140.7634735107422,228.96792602539062,12.178030967712402,106.82431030273438,284.8766174316406,148.10595703125,34.60587692260742,49.63242721557617,116.02368927001953,42.759883880615234,91.75604248046875,169.67413330078125
2022-10-21,144.57240295410156,234.75634765625,12.44967269897461,112.43550109863281,297.974365234375,151.33522033691406,36.25107955932617,50.42539596557617,117.47636413574219,43.624080657958984,93.45997619628906,179.96774291992188
2022-10-24,146.71246337890625,239.73036193847656,12.582502365112305,112.57347869873047,301.2739562988281,153.3714141845703,36.72690963745117,51.876155853271484,118.19816589355469,44.456382751464844,94.1132583618164,180.98953247070312
2022-10-25,149.54953002929688,243.03665161132812,13.243632316589355,112.86783599853516,304.66522216796875,153.1292266845703,36.76723098754883,53.11967086791992,119.5594711303711,44.666847229003906,93.47760772705078,184.33872985839844
2022-10-26,146.61428833007812,224.2848358154297,12.879110336303711,114.16485595703125,307.68072509765625,154.47476196289062,37.14627456665039,53.516151428222656,120.4000473022461,45.008052825927734,94.59001922607422,186.3444366455078
2022-10-27,142.1476287841797,219.8538360595703,13.158744812011719,114.6155776977539,309.0463562011719,154.564453125,36.88820266723633,53.64229965209961,120.49140167236328,44.877315521240234,94.9520034790039,200.706298828125
2022-10-28,152.8872528076172,228.69642639160156,13.81588363647461,115.97700500488281,313.29925537109375,156.8607940673828,38.251136779785156,54.75065231323242,123.54297637939453,45.44493865966797,97.73302459716797,207.51824951171875
2022-10-31,150.53123474121094,225.0701904296875,13.479324340820312,115.79302978515625,315.76483154296875,156.05348205566406,37.54145050048828,53.9306526184082,123.04046630859375,45.38752746582031,97.83013916015625,204.79348754882812
2022-11-01,147.89047241210938,221.2306365966797,13.525262832641602,117.8811264038086,319.4952392578125,155.2641143798828,38.718902587890625,53.74142074584961,123.2323226928711,45.18345260620117,98.80128479003906,206.72354125976562
2022-11-02,142.37344360351562,213.4060516357422,13.201688766479492,116.79568481445312,320.604248046875,152.8780517578125,37.960819244384766,52.9935188293457,121.45984649658203,44.88368225097656,96.77069091796875,202.97695922851562
2022-11-03,136.3360595703125,207.73399353027344,13.403421401977539,117.00724792480469,319.7610168457031,153.13821411132812,37.87947463989258,52.96648025512695,120.62843322753906,44.87411880493164,98.0861587524414,207.4425506591797
2022-11-04,136.07058715820312,214.65682983398438,14.137459754943848,120.2083740234375,328.0467529296875,153.81991577148438,38.408172607421875,53.399009704589844,122.830322265625,44.95384979248047,99.1544189453125,215.569580078125
2022-11-07,136.60153198242188,220.93975830078125,14.282271385192871,120.84310913085938,332.3087463378906,155.1654510498047,38.30244064331055,53.60626220703125,124.71245574951172,45.42580032348633,100.32862854003906,216.28866577148438
2022-11-08,137.17189025878906,221.90936279296875,14.582876205444336,120.91668701171875,333.6468811035156,155.93687438964844,38.513912200927734,53.70537567138672,124.99565887451172,45.53422546386719,100.64646911621094,217.4239501953125
2022-11-09,132.61915588378906,217.6819305419922,13.757957458496094,119.34371185302734,331.79547119140625,154.69003295898438,38.00148391723633,52.95746994018555,124.69414520263672,44.47551727294922,96.14386749267578,213.3840789794922
2022-11-10,144.41891479492188,235.59022521972656,15.72937297821045,124.25580596923828,346.7445983886719,156.50201416015625,38.5383186340332,54.85878372192383,128.98829650878906,45.397098541259766,97.55643463134766,219.92166137695312
2022-11-11,147.20167541503906,239.5946044921875,16.305618286132812,124.45817565917969,353.03216552734375,151.81961059570312,38.71725845336914,55.25527572631836,128.7964324951172,45.46725845336914,100.60231018066406,223.74392700195312
2022-11-14,145.8053436279297,234.20370483398438,16.273662567138672,123.1795883178711,350.4566345214844,154.20565795898438,40.05121994018555,54.72362518310547,128.80557250976562,44.131107330322266,100.89602661132812,223.75340270996094
2022-11-15,147.5360107421875,234.6109161376953,16.644174575805664,122.28731536865234,350.93328857421875,154.63621520996094,39.50625228881836,54.633514404296875,128.35787963867188,47.01705551147461,101.57239532470703,221.94631958007812
2022-11-16,146.3068389892578,235.03872680664062,15.889163970947266,122.45287322998047,350.4291687011719,155.5960235595703,39.083282470703125,54.534393310546875,129.49998474121094,47.35508346557617,100.48663330078125,219.89329528808594
2022-11-17,148.2046661376953,234.9901123046875,15.656469345092773,121.91932678222656,348.0919494628906,156.8518524169922,39.31103515625,54.705604553222656,128.70506286621094,47.19563674926758,100.6201171875,218.02000427246094
2022-11-18,148.76513671875,234.54287719726562,15.38882064819336,123.11516571044922,347.5603332519531,158.05384826660156,39.22969436645508,55.09306716918945,130.2582550048828,47.90676498413086,99.7479476928711,218.95660400390625
2022-11-21,145.5399169921875,235.34991455078125,15.296939849853516,122.38848114013672,348.486083984375,158.86636352539062,39.189029693603516,55.94011306762695,131.9119415283203,48.20014572143555,98.76009368896484,219.65676879882812
2022-11-22,147.67364501953125,238.24740600585938,16.016992568969727,124.21903228759766,351.84063720703125,159.63375854492188,39.921077728271484,56.18340301513672,133.04486083984375,48.37234115600586,101.61687469482422,224.47242736816406
2022-11-23,148.54881286621094,240.72682189941406,16.497365951538086,125.54363250732422,354.0220947265625,159.80526733398438,39.73400115966797,56.435707092285156,133.80320739746094,48.60512924194336,101.10961151123047,224.15074157714844
2022-11-25,145.63821411132812,240.63926696777344,16.248693466186523,125.78282165527344,356.414306640625,160.01292419433594,40.02681350708008,56.48977279663086,134.04989624023438,48.812416076660156,100.75362396240234,222.9965057373047
2022-11-28,141.81314086914062,235.06793212890625,15.80627155303955,123.58430480957031,350.4566345214844,160.09414672851562,40.319637298583984,56.498783111572266,133.94024658203125,48.95272445678711,97.72771453857422,219.7797393798828
2022-11-29,138.81402587890625,233.67750549316406,15.618517875671387,125.61722564697266,351.6940002441406,158.97467041015625,40.25457000732422,56.300540924072266,132.9169921875,48.780521392822266,98.37739562988281,222.44776916503906
2022-11-30,145.55955505371094,248.0775604248047,16.90515899658203,127.10740661621094,356.2514953613281,160.6990509033203,40.77513122558594,57.72529220581055,136.27919006347656,48.60512924194336,99.08937072753906,223.66822814941406
2022-12-01,145.8348846435547,247.6400146484375,17.1169376373291,125.3228530883789,354.0926513671875,161.3671417236328,41.5478515625,57.88863754272461,136.3614044189453,48.9080696105957,98.60879516601562,222.987060546875
2022-12-02,145.34317016601562,247.9608612060547,16.858213424682617,124.32941436767578,351.1127624511719,161.49351501464844,41.40957260131836,58.39683532714844,137.60394287109375,48.86024475097656,97.772216796875,223.40333557128906
2022-12-05,144.1829071044922,243.2742919921875,16.592487335205078,120.84310913085938,342.77276611328125,161.4032745361328,41.2631721496582,57.598243713378906,136.21522521972656,48.35957717895508,95.09339141845703,220.0352020263672
2022-12-06,140.52499389648438,238.33486938476562,15.970148086547852,121.04547119140625,334.8109436035156,158.98370361328125,40.43350601196289,57.57101821899414,136.38880920410156,47.79833984375,92.45018768310547,215.98585510253906
2022-12-07,138.58786010742188,237.6056671142578,16.10300636291504,120.96269226074219,332.0524597167969,159.94972229003906,40.86460876464844,57.66176986694336,137.2659149169922,47.54960632324219,92.24549102783203,216.63868713378906
2022-12-08,140.26931762695312,240.55181884765625,17.150897979736328,122.23210906982422,330.35491943359375,159.97679138183594,42.117225646972656,57.90679168701172,138.25265502929688,47.623226165771484,92.93077850341797,218.47415161132812
2022-12-09,139.78750610351562,238.6266326904297,16.983078002929688,121.56980895996094,331.3328857421875,158.65872192382812,42.06842041015625,57.298770904541016,137.88720703125,46.512516021728516,92.1476058959961,215.03977966308594
2022-12-12,142.07864379882812,245.52035522460938,17.516517639160156,123.45555114746094,335.05999755859375,160.55462646484375,42.42630386352539,58.05199432373047,139.3033447265625,47.379966735839844,94.41703796386719,220.498779296875
2022-12-13,143.04226684570312,249.8082733154297,18.052949905395508,123.3359603881836,340.1434326171875,161.7914276123047,43.16648864746094,58.07014465332031,139.09320068359375,47.210304260253906,95.44937896728516,222.79782104492188
2022-12-14,140.8199920654297,250.09999084472656,17.655370712280273,122.71965789794922,332.476806640625,162.28797912597656,44.31336212158203,58.07014465332031,139.64137268066406,46.94782638549805,94.7463150024414,221.84225463867188
2022-12-15,134.2219696044922,242.1172332763672,16.93412971496582,119.67486572265625,322.74365234375,160.23861694335938,43.605735778808594,57.271541595458984,138.06077575683594,46.52851867675781,93.83855438232422,218.22816467285156
2022-12-16,132.26516723632812,237.91680908203125,16.553531646728516,118.92977142333984,319.5331726074219,158.59552001953125,41.80813980102539,56.94485092163086,137.4486541748047,45.69306945800781,93.17996978759766,220.17710876464844
2022-12-19,130.16087341308594,233.79421997070312,16.236867904663086,119.63806915283203,317.9278259277344,158.42398071289062,41.77560043334961,57.02653121948242,137.41209411621094,45.709075927734375,93.59825134277344,219.77029418945312
2022-12-20,130.092041015625,235.1068115234375,16.06804656982422,120.21758270263672,317.8171081542969,158.59552001953125,41.74306106567383,56.98115158081055,137.46693420410156,46.10919189453125,94.95101165771484,222.46665954589844
2022-12-21,133.18951416015625,237.66403198242188,16.483604431152344,121.56980895996094,323.0481262207031,160.41017150878906,42.019615173339844,57.8977165222168,138.7277374267578,46.47089767456055,96.17028045654297,228.70150756835938
2022-12-22,130.02320861816406,231.5967559814453,15.322829246520996,120.18999481201172,318.8227233886719,159.82333374023438,42.00334548950195,57.48027038574219,139.04754638671875,45.92674255371094,94.2301254272461,224.73733520507812
2022-12-23,129.6593780517578,232.12181091308594,15.189972877502441,120.76030731201172,318.7582092285156,160.2295684814453,42.15789031982422,57.915870666503906,139.44039916992188,46.019569396972656,96.72206115722656,226.9417266845703
2022-12-27,127.85993194580078,230.40077209472656,14.10611629486084,121.1834487915039,315.4922790527344,160.1844482421875,41.58852005004883,58.26978302001953,140.65553283691406,46.03237533569336,98.06591033935547,230.0354766845703
2022-12-28,123.9365234375,228.03805541992188,14.021204948425293,121.84576416015625,314.47747802734375,159.4893035888672,41.32009506225586,57.68899154663086,138.83737182617188,45.225746154785156,96.45504760742188,226.4781494140625
2022-12-29,127.44694519042969,234.3386688232422,14.587605476379395,122.54485321044922,316.83917236328125,160.3018035888672,41.7512092590332,58.033843994140625,139.41294860839844,45.501014709472656,97.1848373413086,227.25396728515625
2022-12-30,127.7615966796875,233.18161010742188,14.59859561920166,123.35436248779297,316.7930908203125,159.480224609375,41.67800521850586,57.72529220581055,138.47193908691406,45.38578414916992,98.163818359375,226.64846801757812
2023-01-03,122.98269653320312,232.9482421875,14.299908638000488,124.2925796508789,319.4131774902344,160.87057495117188,41.69425964355469,57.12635803222656,138.48104858398438,45.96514892578125,94.79081726074219,226.005126953125
2023-01-04,124.25118255615234,222.75836181640625,14.733452796936035,125.45164489746094,320.77862548828125,162.62200927734375,40.77513122558594,57.099124908447266,139.0840606689453,46.01636505126953,95.06670379638672,228.35142517089844
2023-01-05,122.93354034423828,216.15631103515625,14.249963760375977,125.4238510131836,317.1436462402344,161.42129516601562,40.392845153808594,56.445743560791016,137.35726928710938,45.85952377319336,97.19374084472656,227.32965087890625
2023-01-06,127.456787109375,218.70376586914062,14.84333610534668,127.82391357421875,321.1291809082031,162.73037719726562,41.41770935058594,57.53472137451172,140.62814331054688,46.9830436706543,98.36849212646484,235.4472198486328
2023-01-09,127.97796630859375,220.8331298828125,15.611525535583496,127.29571533203125,325.6682434082031,158.5142822265625,39.35983657836914,56.81779861450195,138.91049194335938,46.397274017333984,96.53516387939453,233.32797241210938
2023-01-10,128.54823303222656,222.51531982421875,15.892230987548828,128.4355010986328,329.690673828125,158.1350860595703,38.73352813720703,56.3822135925293,138.77340698242188,46.36846160888672,97.97691345214844,237.00827026367188
2023-01-11,131.26222229003906,229.24371337890625,15.984132766723633,129.3899688720703,336.2593688964844,157.88235473632812,38.595252990722656,56.273311614990234,137.64967346191406,46.77499008178711,99.11607360839844,237.2164306640625
2023-01-12,131.1835479736328,231.90786743164062,16.493593215942383,129.26022338867188,341.296630859375,157.0878448486328,38.806732177734375,55.54731750488281,136.87303161621094,46.35246658325195,100.76251983642578,241.322509765625
2023-01-13,132.510986328125,232.6079559326172,16.881187438964844,132.52206420898438,345.0423583984375,156.57321166992188,38.92060852050781,55.74696731567383,137.85067749023438,46.506107330322266,100.7002182006836,244.52978515625
2023-01-17,133.6713104248047,233.6969757080078,17.683340072631836,130.4741668701172,322.82672119140625,155.60723876953125,37.480918884277344,55.973846435546875,137.4486541748047,46.224422454833984,100.5044174194336,242.4484100341797
2023-01-18,132.9534912109375,229.28262329101562,17.358680725097656,126.55437469482422,322.0610046386719,153.2599639892578,36.60245895385742,54.2768440246582,133.76670837402344,45.081695556640625,98.43968200683594,239.1938018798828
2023-01-19,133.01251220703125,225.51002502441406,16.74732780456543,124.86785125732422,323.5923767089844,153.0523223876953,36.569923400878906,54.195167541503906,130.93771362304688,44.43832015991211,99.07158660888672,233.61367797851562
2023-01-20,135.569091796875,233.57052612304688,17.82019805908203,125.17362976074219,315.372314453125,152.33908081054688,36.69192886352539,54.52186584472656,131.44337463378906,44.98568344116211,100.87821197509766,237.3781280517578
2023-01-23,138.75502014160156,235.86524963378906,19.172767639160156,127.20304870605469,322.10711669921875,151.9508514404297,36.586185455322266,54.657989501953125,129.6781768798828,45.65785598754883,100.3531265258789,240.220458984375
2023-01-24,140.1513214111328,235.34017944335938,19.244693756103516,128.29649353027344,321.35980224609375,151.9508514404297,36.36656188964844,54.94838333129883,130.38613891601562,45.77950668334961,101.28760528564453,244.88795471191406
2023-01-25,139.49249267578125,233.9497528076172,19.30263328552246,128.91734313964844,322.5591735839844,153.0342559814453,36.65938949584961,55.2932243347168,130.29417419433594,45.56182861328125,100.75362396240234,245.677001953125
2023-01-26,141.55747985839844,241.13519287109375,19.78112030029297,129.7142791748047,327.48565673828125,152.47450256347656,36.32284164428711,55.184329986572266,129.77012634277344,45.52022171020508,104.80298614501953,249.17523193359375
2023-01-27,143.49459838867188,241.290771484375,20.34353256225586,130.0293731689453,326.3140563964844,151.87864685058594,35.945247650146484,54.89393615722656,129.23687744140625,45.86912536621094,102.8895492553711,251.4757537841797
2023-01-30,140.61349487304688,235.99163818359375,19.141801834106445,128.92660522460938,329.7829284667969,146.2541961669922,35.74823760986328,55.03005599975586,129.64138793945312,45.501014709472656,101.06509399414062,248.5858612060547
2023-01-31,141.88194274902344,240.95045471191406,19.516407012939453,129.6957244873047,337.4864501953125,147.53619384765625,36.248966217041016,55.64714813232422,130.9009552001953,46.05157470703125,103.24555206298828,239.83067321777344
2023-02-01,143.00289916992188,245.75369262695312,20.92091941833496,129.3529052734375,337.3941650390625,148.890380859375,36.09300231933594,55.656219482421875,131.6456756591797,46.30764389038086,102.11526489257812,237.2165069580078
2023-02-02,148.30296325683594,257.27569580078125,21.68611717224121,128.7505645751953,340.8630065917969,149.45013427734375,36.39672088623047,54.7033576965332,130.70787048339844,45.971561431884766,98.92027282714844,232.80564880371094
2023-02-03,151.9215545654297,251.19866943359375,21.077756881713867,130.74288940429688,341.3058776855469,148.61050415039062,36.16688537597656,54.294986724853516,131.11244201660156,45.36017990112305,99.60556030273438,235.52438354492188
2023-02-06,149.19778442382812,249.66241455078125,21.066768646240234,131.5120391845703,342.090087890625,147.48199462890625,35.92061996459961,54.603538513183594,129.99996948242188,45.030479431152344,99.43645477294922,239.0036163330078
2023-02-07,152.0690460205078,260.15374755859375,22.149625778198242,133.11514282226562,345.41131591796875,147.51809692382812,35.78107833862305,54.51278305053711,128.73121643066406,45.12650680541992,102.27546691894531,237.33058166503906
2023-02-08,149.3845977783203,259.34674072265625,22.181596755981445,132.1792449951172,346.05706787109375,147.7076873779297,36.10120391845703,54.195167541503906,127.39812469482422,44.88324737548828,101.385498046875,236.57957458496094
2023-02-09,148.3521270751953,256.3227844238281,22.313453674316406,130.1220245361328,339.49755859375,145.71250915527344,35.575862884521484,54.10442352294922,126.00069427490234,45.299354553222656,101.7681884765625,234.1175079345703
2023-02-10,148.71653747558594,255.81719970703125,21.242582321166992,130.6965789794922,342.5329284667969,146.38958740234375,36.01912307739258,54.10442352294922,127.1131362915039,46.00356674194336,106.057861328125,235.43885803222656
2023-02-13,151.51339721679688,263.8096618652344,21.765031814575195,132.11434936523438,345.06072998046875,146.93128967285156,36.10942077636719,54.99375534057617,128.77720642089844,46.70456314086914,105.64530181884766,235.89512634277344
2023-02-14,150.87326049804688,264.6361083984375,22.94678497314453,132.6981658935547,342.9942321777344,146.29029846191406,35.88778305053711,54.07719802856445,128.05087280273438,46.570125579833984,104.40769958496094,232.29229736328125
2023-02-15,152.9709014892578,262.52093505859375,22.740007400512695,133.254150390625,345.35589599609375,143.87985229492188,35.55944061279297,54.07719802856445,127.7566909790039,46.91582489013672,104.09381866455078,236.41796875
2023-02-16,151.37550354003906,255.5319366455078,21.978803634643555,131.4193572998047,341.5364990234375,142.859619140625,35.25572967529297,53.741416931152344,126.08340454101562,46.17961120605469,103.78889465332031,234.3456268310547
2023-02-17,150.233154296875,251.545166015625,21.36545181274414,131.8085479736328,339.9681091308594,145.84213256835938,35.469146728515625,54.558162689208984,128.7220458984375,46.87421417236328,99.79804992675781,235.5529327392578
2023-02-21,146.22494506835938,246.29127502441406,20.633224487304688,129.3899688720703,333.1595458984375,143.66893005371094,35.050514221191406,54.267765045166016,128.6300811767578,47.159095764160156,99.69939422607422,228.8225860595703
2023-02-22,146.64840698242188,245.16053771972656,20.732126235961914,128.39840698242188,332.9472961425781,143.46890258789062,34.787837982177734,54.43111801147461,129.17254638671875,46.17000961303711,98.4079818725586,226.14183044433594
2023-02-23,147.1309356689453,248.33827209472656,23.639053344726562,129.427001953125,335.3922119140625,143.4234161376953,34.72217559814453,54.53093719482422,128.75880432128906,45.48181915283203,99.31377410888672,226.19883728027344
2023-02-24,144.4818572998047,242.92835998535156,23.26145362854004,130.5946044921875,335.6781311035156,141.8230438232422,34.27070236206055,54.3040657043457,128.03250122070312,45.60345458984375,99.32274627685547,224.5067901611328
2023-02-27,145.67343139648438,243.84461975097656,23.476228713989258,131.7344207763672,337.2281188964844,141.51388549804688,33.4744758605957,54.28592300415039,127.92218017578125,45.27375411987305,99.14335632324219,228.1286163330078
2023-02-28,145.1712188720703,243.12332153320312,23.191524505615234,132.83712768554688,324.4227294921875,139.35885620117188,33.30209732055664,54.00459671020508,126.46955108642578,45.494625091552734,98.56941986083984,227.71987915039062
2023-03-01,143.10308837890625,240.05282592773438,22.674074172973633,132.09584045410156,321.70953369140625,138.73143005371094,32.98196029663086,53.414737701416016,126.56147003173828,44.86083984375,99.44828796386719,236.3894805908203
2023-03-02,143.69400024414062,244.77064514160156,23.28942108154297,130.72434997558594,324.3763122558594,138.622314453125,33.3431396484375,54.195167541503906,128.64845275878906,44.97287368774414,99.9056625366211,239.72613525390625
2023-03-03,148.73622131347656,248.84510803222656,23.86481475830078,133.12442016601562,331.8004150390625,140.0499267578125,33.77819061279297,53.941070556640625,129.5862579345703,45.02728271484375,101.17017364501953,242.70155334472656
2023-03-06,151.49371337890625,250.38522338867188,23.529172897338867,132.3460235595703,331.7633361816406,141.45022583007812,33.745357513427734,54.775962829589844,129.03463745117188,45.020877838134766,102.0669937133789,241.43724060058594
2023-03-07,149.29757690429688,247.73387145996094,23.267404556274414,128.4540252685547,321.5701904296875,140.11354064941406,33.113304138183594,54.45833206176758,126.46955108642578,44.57275390625,100.09400177001953,233.98440551757812
2023-03-08,150.54827880859375,247.29525756835938,24.15961265563965,127.69418334960938,324.5528564453125,139.08607482910156,32.932708740234375,54.485565185546875,126.48795318603516,44.20465087890625,98.63218688964844,236.4369659423828
2023-03-09,148.3029022216797,245.95008850097656,23.415273666381836,120.78125,317.86273193359375,137.5220947265625,32.39094924926758,53.95922088623047,125.55938720703125,43.90696334838867,97.86988067626953,229.0602264404297
2023-03-10,146.24465942382812,242.31427001953125,22.944690704345703,123.84852600097656,304.4640197753906,137.8585205078125,32.33348083496094,53.73234939575195,126.1293716430664,43.84294128417969,96.65917205810547,215.79913330078125
2023-03-13,148.1846923828125,247.50970458984375,22.9456844329834,121.6245346069336,293.1651611328125,139.177001953125,32.71928405761719,54.2768440246582,127.00277709960938,43.970985412597656,95.54712677001953,213.60321044921875
2023-03-14,150.2725067138672,254.20623779296875,24.041715621948242,124.74737548828125,299.3349914550781,139.95899963378906,32.75211715698242,54.47648620605469,128.574951171875,44.20465087890625,95.90585327148438,214.52528381347656
2023-03-15,150.6664581298828,258.7388610839844,24.206567764282227,118.85379028320312,290.0803527832031,140.3499755859375,33.06404495239258,54.83948516845703,130.39529418945312,44.69758987426758,91.13478088378906,206.53060913085938
2023-03-16,153.48301696777344,269.227294921875,25.51841163635254,121.16118621826172,292.7749328613281,140.0590057373047,33.13792037963867,55.14125442504883,131.3698272705078,44.44368362426758,90.60564422607422,207.9090576171875
2023-03-17,152.64593505859375,272.375732421875,25.702247619628906,116.5834732055664,282.04290771484375,138.5586700439453,32.916290283203125,54.88520812988281,131.40660095214844,44.803653717041016,89.5384292602539,204.3917694091797
2023-03-20,155.0094757080078,265.35748291015625,25.877090454101562,117.81593322753906,287.6086730957031,139.9317169189453,33.49910354614258,55.415584564208984,133.4292449951172,45.285762786865234,91.8791275024414,209.43003845214844
2023-03-21,156.86093139648438,266.8683776855469,26.175827026367188,120.97586059570312,294.8098449707031,139.9317169189453,33.37596893310547,55.15953826904297,132.46388244628906,45.13148498535156,95.99552917480469,213.8123321533203
2023-03-22,155.4329376220703,265.4159240722656,26.44458770751953,117.85301208496094,291.45550537109375,137.3492889404297,32.8424186706543,54.91263198852539,132.3811492919922,44.84222412109375,93.79832458496094,209.08778381347656
2023-03-23,156.51625061035156,270.650390625,27.166950225830078,117.5379409790039,292.5519714355469,137.42205810546875,32.98196029663086,54.79376220703125,132.19725036621094,45.20540237426758,92.74007415771484,208.60296630859375
2023-03-24,157.8162078857422,273.4869079589844,26.75531768798828,115.7494888305664,290.4334411621094,138.80416870117188,33.15433883666992,55.689918518066406,134.89108276367188,45.57501983642578,92.84769439697266,206.29298400878906
2023-03-27,155.8760986328125,269.4026794433594,26.50753402709961,119.06694030761719,295.9713439941406,139.3952178955078,33.01479721069336,56.10142135620117,134.18313598632812,46.33674621582031,94.88347625732422,207.23411560058594
2023-03-28,155.25570678710938,268.2817077636719,26.38664436340332,119.42833709716797,295.8876953125,138.0494842529297,32.82600402832031,56.16543960571289,134.56008911132812,46.156761169433594,96.0672836303711,209.2874298095703
2023-03-29,158.32830810546875,273.4284362792969,26.960132598876953,119.66928100585938,298.0061950683594,139.40431213378906,33.039424896240234,56.56779098510742,134.9738006591797,46.35602951049805,97.7174072265625,211.98719787597656
2023-03-30,159.8941650390625,276.8790588378906,27.358779907226562,119.30786895751953,298.396484375,139.513427734375,33.1461296081543,56.55864715576172,135.5621795654297,46.81885528564453,98.19273376464844,213.45111083984375
2023-03-31,162.39556884765625,281.021728515625,27.752431869506836,120.7534408569336,303.94366455078125,140.94105529785156,33.49089431762695,56.723243713378906,136.70223999023438,47.39094924926758,98.34520721435547,217.53875732421875
2023-04-03,163.6463165283203,279.9787902832031,27.940265655517578,120.61446380615234,303.3954772949219,142.62322998046875,33.94236373901367,57.06159973144531,137.4561309814453,47.789485931396484,104.14761352539062,218.5178985595703
2023-04-04,163.11447143554688,279.9300231933594,27.42871856689453,119.0020523071289,299.7995300292969,144.11447143554688,33.57298278808594,56.88785171508789,138.11807250976562,47.320247650146484,103.15215301513672,206.7112579345703
2023-04-05,161.27288818359375,277.1617431640625,26.85722541809082,119.17949676513672,298.75885009765625,150.5886993408203,34.10653305053711,57.427371978759766,139.06503295898438,48.104461669921875,104.91889953613281,202.98487854003906
2023-04-06,162.15919494628906,284.2384033203125,27.01308822631836,119.04876708984375,299.5672302246094,150.17037963867188,34.06547927856445,57.46395492553711,139.94764709472656,48.4676513671875,103.17904663085938,198.84017944335938
2023-04-10,159.56915283203125,282.084228515625,27.55460548400879,119.44100189208984,301.9459533691406,149.41567993164062,34.25428771972656,57.3267822265625,138.7892303466797,48.374446868896484,102.7216796875,204.88607788085938
2023-04-11,158.3578338623047,275.68988037109375,27.144968032836914,120.0293960571289,304.18524169921875,149.37022399902344,34.30352783203125,57.226192474365234,138.51341247558594,48.23302459716797,103.4480972290039,209.70570373535156
2023-04-12,157.6685028076172,276.333251953125,26.471567153930664,120.01071166992188,306.85198974609375,149.05198669433594,33.958778381347656,57.3267822265625,138.89035034179688,47.998409271240234,103.3404769897461,209.6106414794922
2023-04-13,163.0455322265625,282.5228576660156,26.439594268798828,120.46834564208984,308.60809326171875,151.0433349609375,34.040863037109375,57.747432708740234,139.53387451171875,48.04661560058594,103.82476806640625,210.7228546142578
2023-04-14,162.70086669921875,278.9163513183594,26.734331130981445,129.56488037109375,313.0589294433594,150.7978057861328,33.81102752685547,57.655982971191406,138.82598876953125,47.72199630737305,104.07588195800781,212.63357543945312
2023-04-17,162.72056579589844,281.5091552734375,26.97811508178711,130.5922088623047,315.6233825683594,150.64324951171875,33.802818298339844,58.030906677246094,138.87196350097656,48.05625915527344,102.86516571044922,214.1165771484375
2023-04-18,163.9417266845703,281.09002685546875,27.64253044128418,132.05845642089844,310.2620544433594,146.40591430664062,33.285675048828125,58.12235641479492,139.01907348632812,48.162322998046875,104.87403869628906,214.07852172851562
2023-04-19,165.08412170410156,281.1679992675781,27.906293869018555,131.89036560058594,313.031005859375,147.78802490234375,33.03121566772461,58.232086181640625,139.046630859375,48.213741302490234,104.54222106933594,213.5556640625
2023-04-20,164.11900329589844,278.8870544433594,27.080028533935547,131.50743103027344,314.7221374511719,148.74281311035156,32.71107482910156,58.48813247680664,139.556396484375,48.52228927612305,103.70818328857422,211.29322814941406
2023-04-21,162.51376342773438,278.54595947265625,27.095012664794922,131.2552947998047,317.4631652832031,147.9335174560547,33.0065803527832,58.57044219970703,144.38560485839844,48.76655197143555,104.04000854492188,210.52862548828125
2023-04-24,162.8190460205078,274.6566162109375,27.018081665039062,131.43272399902344,319.60028076171875,148.83372497558594,32.76033020019531,58.4789924621582,144.6446533203125,49.09760665893555,106.00404357910156,213.5488739013672
2023-04-25,161.28271484375,268.46697998046875,26.217792510986328,128.5749053955078,315.4376220703125,150.19764709472656,32.284236907958984,58.38754653930664,144.68161010742188,48.71513748168945,104.49737548828125,208.9611358642578
2023-04-26,161.27288818359375,287.9132995605469,26.932159423828125,126.29608917236328,312.7244873046875,147.86985778808594,31.709636688232422,58.11320495605469,143.00711059570312,48.503013610839844,103.53778839111328,206.62904357910156
2023-04-27,165.85227966308594,297.13446044921875,27.201919555664062,127.995849609375,317.407470703125,148.21542358398438,31.7999324798584,58.232086181640625,144.75563049316406,48.65406036376953,104.77539825439453,204.85130310058594
2023-04-28,167.1029510498047,299.50311279296875,27.724454879760742,129.10723876953125,319.1170959472656,148.85189819335938,31.923057556152344,58.6618766784668,144.67237854003906,48.52228927612305,106.12957763671875,209.1236114501953
2023-05-01,167.0143585205078,297.8460388183594,28.884428024291992,131.87167358398438,316.45037841796875,148.760986328125,32.18572998046875,58.79905319213867,144.84815979003906,48.7215576171875,102.83826446533203,207.6613006591797
2023-05-02,165.9802703857422,297.6997985839844,28.185049057006836,129.74234008789062,309.7603454589844,150.06126403808594,32.06260681152344,58.53385925292969,144.71864318847656,48.589786529541016,98.73980712890625,205.63504028320312
2023-05-03,164.90684509277344,296.71533203125,27.777414321899414,126.9965591430664,305.3746032714844,148.09722900390625,31.56187629699707,58.204654693603516,144.53359985351562,48.40979766845703,96.793701171875,206.10336303710938
2023-05-04,163.27206420898438,297.6997985839844,27.537622451782227,125.25943756103516,298.50799560546875,147.42431640625,31.38129234313965,58.26866149902344,143.8675079345703,48.54530334472656,95.09870147705078,201.07598876953125
2023-05-05,170.93392944335938,302.80755615234375,28.654632568359375,127.70635986328125,303.86004638671875,147.92442321777344,31.59471893310547,58.542999267578125,144.3485870361328,48.9647102355957,97.46631622314453,205.57769775390625
2023-05-08,170.86500549316406,300.8580017089844,29.125219345092773,128.0145721435547,303.3861389160156,147.58799743652344,31.742469787597656,58.4515495300293,143.6732177734375,49.27121353149414,97.85195922851562,205.2909393310547
2023-05-09,169.1612548828125,299.2496032714844,28.545730590820312,127.39815521240234,301.76934814453125,146.4422607421875,31.586503982543945,57.966896057128906,142.20228576660156,49.35508728027344,97.87885284423828,204.04844665527344
2023-05-10,170.92405700683594,304.4256591796875,28.85944938659668,127.46350860595703,299.7065734863281,146.98785400390625,31.438758850097656,58.06749725341797,142.498291015625,49.21635818481445,96.62330627441406,203.74261474609375
2023-05-11,171.11119079589844,302.2812194824219,28.552722930908203,127.06194305419922,298.0061950683594,146.38771057128906,31.181533813476562,58.396690368652344,142.83135986328125,49.4002571105957,94.87451934814453,200.74143981933594
2023-05-12,170.1841583251953,301.169921875,28.314937591552734,125.24078369140625,296.87261962890625,146.19674682617188,30.990699768066406,58.625301361083984,144.2838134765625,49.384132385253906,94.86554718017578,200.27313232421875
2023-05-15,169.69107055664062,301.6476135253906,28.927391052246094,126.29608917236328,299.2606506347656,145.0783233642578,30.83304214477539,58.469844818115234,144.33009338378906,49.00020217895508,95.04646301269531,201.9457244873047
2023-05-16,169.69107055664062,303.8700256347656,29.187162399291992,125.44621276855469,298.08984375,144.8874053955078,30.708581924438477,57.81144332885742,144.080322265625,48.322689056396484,92.73973846435547,198.03662109375
2023-05-17,170.30252075195312,306.7420349121094,30.151304244995117,129.30335998535156,306.7962341308594,144.56910705566406,30.49285125732422,57.747432708740234,143.46969604492188,48.242034912109375,94.82030487060547,202.71990966796875
2023-05-18,172.62986755371094,311.1575927734375,31.649982452392578,130.28402709960938,306.23870849609375,144.10537719726562,30.268817901611328,57.427371978759766,141.11061096191406,48.867923736572266,95.6796646118164,205.2240447998047
2023-05-19,172.7383575439453,310.981689453125,31.236347198486328,129.98512268066406,303.0516357421875,144.49639892578125,30.509445190429688,57.454811096191406,141.70269775390625,48.36463165283203,96.12294006347656,205.28140258789062
2023-05-22,171.7916259765625,313.7561340332031,31.14842414855957,128.91110229492188,301.90875244140625,143.7176513671875,32.152320861816406,56.24773025512695,137.99290466308594,47.93876647949219,94.95599365234375,204.78436279296875
2023-05-23,169.1881103515625,307.9729309082031,30.660856246948242,127.56625366210938,300.65435791015625,143.66268920898438,32.890785217285156,56.147151947021484,136.5034637451172,47.84843444824219,96.24957275390625,203.30291748046875
2023-05-24,169.46426391601562,306.59552001953125,30.510990142822266,126.39884948730469,297.1606750488281,143.5252685546875,32.052757263183594,55.671630859375,135.3748016357422,47.629051208496094,97.32603454589844,200.42604064941406
2023-05-25,170.59835815429688,318.3865661621094,37.946407318115234,126.70703125,300.9424133300781,141.4638671875,31.38896369934082,55.241844177246094,134.50515747070312,47.154788970947266,95.58016967773438,200.69366455078125
2023-05-26,173.00457763671875,325.1954345703125,38.91154861450195,127.89313507080078,308.49664306640625,141.408935546875,31.198129653930664,55.104671478271484,134.51438903808594,47.238677978515625,94.95599365234375,202.4331817626953
2023-05-30,174.84877014160156,323.5542297363281,40.07551956176758,128.37881469726562,307.400146484375,141.42724609375,30.708581924438477,54.665733337402344,132.46060180664062,47.12253189086914,94.1147232055664,200.6172332763672
2023-05-31,174.7994384765625,320.7994079589844,37.800533294677734,126.74437713623047,303.2526550292969,142.05938720703125,31.546621322631836,54.555999755859375,131.83152770996094,47.38386535644531,92.43216705322266,196.65074157714844
2023-06-01,177.6001739501953,324.892578125,39.734825134277344,128.49082946777344,296.2306823730469,141.5829620361328,31.546621322631836,54.86691665649414,133.18223571777344,47.558067321777344,93.49959564208984,199.82391357421875
2023-06-02,178.44827270507812,327.6473693847656,39.29222106933594,131.18992614746094,303.01849365234375,143.8092498779297,31.82872772216797,55.92768859863281,135.55055236816406,48.01297378540039,95.6706314086914,216.60736083984375
2023-06-05,177.09725952148438,328.1749572753906,39.13636016845703,129.9010467529297,301.2958068847656,145.0460662841797,32.06935501098633,55.55275344848633,135.01400756835938,48.32914352416992,95.24547576904297,212.63131713867188
2023-06-06,176.7323455810547,325.9671325683594,38.619808197021484,130.13458251953125,305.9677734375,144.91781616210938,31.837024688720703,55.15039825439453,133.6725616455078,48.322689056396484,96.02342224121094,216.65509033203125
2023-06-07,175.36155700683594,315.9052429199219,37.44572448730469,131.3953857421875,314.3472595214844,145.22933959960938,32.26848602294922,55.06809997558594,133.95933532714844,48.393672943115234,98.17637634277344,225.13282775878906
2023-06-08,178.0735626220703,317.7418518066406,38.479923248291016,131.43272399902344,314.0850524902344,146.8234100341797,32.43444061279297,55.205257415771484,135.47653198242188,49.0937614440918,97.86882019042969,224.08148193359375
2023-06-09,178.45816040039062,319.2364196777344,38.73971176147461,131.6942596435547,314.5999755859375,146.59437561035156,32.334861755371094,55.29671096801758,135.58758544921875,49.39057540893555,97.14512634277344,224.63583374023438
2023-06-12,181.24903869628906,324.1794738769531,39.45115661621094,131.68490600585938,317.84881591796875,146.4936065673828,33.10652160644531,55.05894470214844,134.52366638183594,49.716434478759766,96.26768493652344,227.37890625
2023-06-13,180.7756805419922,326.5631408691406,40.98995590209961,132.6375274658203,320.6669006347656,147.26318359375,33.421817779541016,55.278411865234375,134.19985961914062,50.103580474853516,96.28577423095703,234.58546447753906
2023-06-14,181.4068145751953,329.5426025390625,42.963417053222656,132.1425323486328,316.8470458984375,148.01441955566406,32.65846633911133,55.653343200683594,135.45803833007812,50.6100959777832,95.12787628173828,232.55923461914062
2023-06-15,183.43832397460938,340.0538635253906,42.619686126708984,133.6368408203125,318.08282470703125,150.0024871826172,32.98207092285156,56.41811752319336,137.33609008789062,50.88755798339844,95.78822326660156,236.71685791015625
2023-06-16,182.36338806152344,334.41717529296875,42.658653259277344,133.79562377929688,316.7440185546875,150.46058654785156,33.23928451538086,56.82353973388672,138.3444366455078,50.17778015136719,95.10073852539062,234.42295837402344
2023-06-20,182.4521484375,330.2361145019531,43.773780822753906,133.1138153076172,309.6378479003906,150.36895751953125,32.641876220703125,56.44575881958008,137.0677947998047,49.73577880859375,92.92064666748047,230.4851837158203
2023-06-21,181.41671752929688,325.8499450683594,43.011375427246094,132.91773986816406,304.3480529785156,150.1399383544922,32.27679443359375,56.60240173339844,138.251953125,49.832576751708984,93.9609375,230.8005828857422
2023-06-22,184.41465759277344,331.8577880859375,42.991390228271484,130.3587188720703,299.20794677734375,151.73402404785156,32.13573455810547,56.9893913269043,138.72377014160156,50.24876022338867,93.44532012939453,226.84368896484375
2023-06-23,184.09909057617188,327.27618408203125,42.17603302001953,129.67694091796875,294.6484375,151.60574340820312,31.778947830200195,56.39046859741211,137.34530639648438,50.15520095825195,92.63117218017578,224.07191467285156
2023-06-26,182.7085723876953,321.004638671875,40.60026931762695,129.99447631835938,292.4482116699219,149.91087341308594,30.609012603759766,56.40890121459961,137.4840850830078,50.022918701171875,94.34087371826172,226.47091674804688
2023-06-27,185.45997619628906,326.83660888671875,41.84328842163086,130.00381469726562,293.4687805175781,149.59938049316406,30.21904182434082,56.28912353515625,138.7885284423828,49.842254638671875,94.5760726928711,230.0455322265625
2023-06-28,186.63352966308594,328.0870056152344,41.08488845825195,129.43414306640625,293.6653747558594,149.2970428466797,30.111177444458008,55.763916015625,138.7607879638672,50.113258361816406,95.34498596191406,231.17332458496094
2023-06-29,186.96884155273438,327.3055114746094,40.79011154174805,133.95436096191406,302.4941711425781,150.34149169921875,29.970115661621094,55.30320358276367,138.19644165039062,49.77450180053711,96.52095031738281,233.43853759765625
2023-06-30,191.28829956054688,332.6685791015625,42.26895523071289,135.8315887451172,301.9793395996094,151.64242553710938,30.434770584106445,55.487491607666016,140.3797607421875,50.71010971069336,97.01849365234375,235.16847229003906
2023-07-03,189.7991485595703,330.1775207519531,42.3798713684082,136.92428588867188,305.7898254394531,149.65435791015625,30.409875869750977,55.8192024230957,141.08285522460938,51.03919219970703,97.20845031738281,236.39187622070312
2023-07-05,188.684814453125,330.3338928222656,42.28395080566406,136.01211547851562,299.6480407714844,149.1596221923828,30.252225875854492,56.233829498291016,140.84234619140625,51.010154724121094,96.71092224121094,234.00244140625
2023-07-06,189.1581573486328,333.3817443847656,42.07011413574219,134.66744995117188,293.04742431640625,148.0511016845703,29.563552856445312,55.80076599121094,140.61105346679688,50.687522888183594,93.1015625,229.94036865234375
2023-07-07,188.04376220703125,329.42535400390625,42.46979904174805,135.7300567626953,295.0791015625,145.89808654785156,29.480567932128906,55.06363296508789,137.6598358154297,49.519622802734375,93.31866455078125,234.33692932128906
2023-07-10,186.0023956298828,324.159912109375,42.147056579589844,136.49172973632812,296.2962341308594,146.13629150390625,29.60503387451172,54.64899826049805,137.71536254882812,49.968074798583984,94.70271301269531,237.806396484375
2023-07-11,185.47972106933594,324.7851257324219,42.371883392333984,138.62632751464844,300.4251403808594,145.3301239013672,29.88714027404785,54.842498779296875,136.99375915527344,49.89386749267578,95.86060333251953,241.66775512695312
2023-07-12,187.1463623046875,329.4057922363281,43.867706298828125,139.312744140625,305.59326171875,144.82618713378906,29.862253189086914,55.13734817504883,137.7061309814453,50.01969909667969,96.33098602294922,242.3845977783203
2023-07-13,187.90570068359375,334.7396240234375,45.94108963012695,139.98980712890625,307.7279052734375,145.4949951171875,29.920331954956055,55.60727310180664,137.7986297607422,49.726104736328125,94.56700897216797,244.5446319580078
2023-07-14,188.05364990234375,337.2599792480469,45.43348693847656,140.83615112304688,305.3966064453125,146.46612548828125,30.136062622070312,56.114044189453125,138.81626892089844,49.89710235595703,91.31046295166016,244.31524658203125
2023-07-17,191.30804443359375,337.7386474609375,46.424705505371094,144.23081970214844,306.34222412109375,145.7332305908203,29.75438117980957,56.031124114990234,137.83566284179688,49.95840072631836,91.7084732055664,246.0738525390625
2023-07-18,191.05160522460938,351.1806335449219,47.4568977355957,144.4940948486328,315.77032470703125,145.72402954101562,30.069686889648438,55.80998611450195,138.09471130371094,49.86806106567383,91.2923583984375,252.1430206298828
2023-07-19,192.40269470214844,346.8725280761719,47.04022979736328,145.04891967773438,318.8411865234375,145.4308624267578,30.235628128051758,56.79589080810547,139.03831481933594,49.88418960571289,91.92559051513672,252.37356567382812
2023-07-20,190.45993041992188,338.85223388671875,45.48444747924805,146.83558654785156,328.4940490722656,154.26260375976562,30.509445190429688,57.48695373535156,140.1657257080078,50.80689239501953,93.54483032226562,250.7791290283203
2023-07-21,189.28634643554688,335.823974609375,44.274391174316406,145.70712280273438,329.5238952636719,155.92088317871094,31.032182693481445,57.533023834228516,142.37210083007812,51.09403610229492,93.9790267944336,247.47496032714844
2023-07-24,190.08517456054688,337.1329650878906,44.5771598815918,148.57521057128906,336.0495910644531,156.73623657226562,31.12344741821289,57.551456451416016,142.8282470703125,51.394065856933594,95.45353698730469,249.1270751953125
2023-07-25,190.94314575195312,342.8672790527344,45.64331817626953,147.46560668945312,332.0892333984375,157.93641662597656,30.75006866455078,57.35795593261719,143.16343688964844,51.35212707519531,95.59827423095703,251.7108154296875
2023-07-26,191.8109588623047,329.9626770019531,45.416500091552734,148.3495330810547,334.7668762207031,158.23873901367188,30.874534606933594,58.0950813293457,143.31234741210938,51.5360221862793,95.06454467773438,248.11854553222656
2023-07-27,190.54864501953125,323.07562255859375,45.86414337158203,146.7133331298828,331.9112854003906,159.12741088867188,30.371143341064453,57.533023834228516,141.60870361328125,51.348907470703125,95.3630599975586,248.0993194580078
2023-07-28,193.12258911132812,330.54876708984375,46.71348190307617,147.55026245117188,330.71295166015625,159.85118103027344,30.262073516845703,57.569881439208984,145.61183166503906,51.59087371826172,94.2232666015625,250.14517211914062
2023-07-31,193.7340087890625,328.1553955078125,46.6925048828125,148.53759765625,333.18463134765625,153.48388671875,30.253681182861328,57.063106536865234,145.5094451904297,51.574745178222656,97.00943756103516,254.6980438232422
2023-08-01,192.90560913085938,328.5657043457031,46.47066879272461,147.8041229248047,334.91668701171875,154.7298583984375,29.876142501831055,56.91567611694336,145.46287536621094,51.3327751159668,96.44859313964844,277.250732421875
2023-08-02,189.91749572753906,319.9300231933594,44.23442077636719,146.1302947998047,328.71868896484375,155.6643524169922,29.658000946044922,57.09074401855469,145.77940368652344,51.36826705932617,95.24547576904297,276.2134094238281
2023-08-03,188.5269775390625,319.109375,44.480228424072266,147.0236358642578,330.6474304199219,156.3331298828125,29.364356994628906,56.79589080810547,146.16111755371094,51.38116455078125,96.90088653564453,270.3350830078125
2023-08-04,179.47393798828125,320.20355224609375,44.645103454589844,146.7133331298828,330.7035827636719,154.8672637939453,29.381145477294922,55.93898010253906,144.55984497070312,51.0843505859375,97.1722640991211,265.52294921875
2023-08-07,176.37733459472656,322.4796142578125,45.38152313232422,147.4091796875,332.8944396972656,158.58688354492188,29.934871673583984,56.38125991821289,146.08663940429688,51.77799987792969,96.9732666015625,270.52716064453125
2023-08-08,177.31417846679688,318.51348876953125,44.62911605834961,146.5816650390625,326.0597839355469,158.66017150878906,29.901308059692383,56.13248062133789,146.244873046875,51.829620361328125,97.45270538330078,271.71826171875
2023-08-09,175.72647094726562,314.7818603515625,42.52075958251953,144.61631774902344,320.8448181152344,158.5594024658203,30.069108963012695,56.261474609375,146.0587158203125,51.91350173950195,99.10810852050781,273.2934265136719
2023-08-10,175.50949096679688,315.4656677246094,42.35489273071289,144.40003967285156,318.7008056640625,157.73486328125,29.968427658081055,56.13248062133789,145.33253479003906,51.88759994506836,99.61468505859375,272.6114807128906
2023-08-11,175.56875610351562,313.59002685546875,40.823081970214844,145.2369842529297,319.0097961425781,159.27401733398438,30.236902236938477,56.362831115722656,146.17971801757812,52.19194030761719,101.16157531738281,273.9562072753906
2023-08-14,177.21788024902344,316.5500183105469,43.71883010864258,145.5379180908203,316.21038818359375,158.8983917236328,30.262073516845703,56.09562301635742,145.0346221923828,51.80341339111328,101.24298095703125,273.3030700683594
2023-08-15,175.23300170898438,314.4203186035156,43.90568161010742,141.8328857421875,311.03277587890625,158.44033813476562,29.691560745239258,55.71784210205078,144.1036834716797,51.537925720214844,98.64373779296875,266.416259765625
2023-08-16,174.364013671875,313.6567687988281,43.452030181884766,141.23106384277344,308.13043212890625,157.93641662597656,29.767070770263672,55.72705841064453,142.63279724121094,51.56382369995117,96.98384094238281,263.6691589355469
2023-08-17,171.82611083984375,310.2108459472656,43.31014633178711,139.76412963867188,306.641845703125,159.42056274414062,30.6312255859375,55.846839904785156,141.60870361328125,50.4079704284668,98.86262512207031,264.30316162109375
2023-08-18,172.30996704101562,309.8193054199219,43.26517105102539,140.08387756347656,304.2169494628906,158.02804565429688,30.7570743560791,56.16012191772461,142.00901794433594,51.133216857910156,100.35832977294922,262.9872131347656
2023-08-21,173.6431121826172,315.1056213378906,46.93031311035156,140.5634307861328,301.5299072265625,153.31898498535156,31.05071449279785,55.68098449707031,141.2921600341797,50.99722671508789,99.14533233642578,261.9786682128906
2023-08-22,175.01571655273438,315.6734619140625,45.63233184814453,137.64837646484375,298.4683532714844,152.10049438476562,30.908090591430664,55.34006118774414,141.34800720214844,50.83534622192383,98.58900451660156,259.5293884277344
2023-08-23,178.85714721679688,320.1179504394531,47.07919692993164,138.5792999267578,301.78265380859375,150.7353973388672,30.7570743560791,55.53356170654297,142.66998291015625,51.18824768066406,97.72259521484375,262.24761962890625
2023-08-24,174.1763458251953,313.23583984375,47.126155853271484,138.44766235351562,299.5637512207031,151.24844360351562,30.337581634521484,55.386131286621094,142.00901794433594,50.79649353027344,96.99297332763672,258.66485595703125
2023-08-25,176.37850952148438,316.1825256347656,45.982059478759766,138.27841186523438,299.7416076660156,153.4170684814453,30.522159576416016,55.644126892089844,142.93997192382812,51.097599029541016,98.72581481933594,261.7961730957031
2023-08-28,177.93878173828125,316.8874206542969,46.79841613769531,138.75796508789062,305.190673828125,151.6083526611328,30.379533767700195,55.80076599121094,143.16343688964844,51.38899230957031,99.55574798583984,263.9381103515625
2023-08-29,181.8196563720703,321.4982604980469,48.745887756347656,139.88633728027344,311.3511657714844,151.62681579589844,30.329191207885742,55.7454833984375,143.24717712402344,51.81959915161133,100.14855194091797,268.97119140625
2023-08-30,185.3055419921875,321.8702392578125,49.225521087646484,139.32217407226562,310.1993713378906,151.09156799316406,30.11944580078125,55.71784210205078,143.40542602539062,52.19194030761719,101.1244125366211,271.1803283691406
2023-08-31,185.5228271484375,320.86187744140625,49.31645202636719,137.60134887695312,309.37811279296875,149.19981384277344,29.683176040649414,55.12813949584961,143.68475341796875,52.648468017578125,101.40715026855469,270.0277404785156
2023-09-01,187.09295654296875,321.74298095703125,48.471107482910156,138.0621337890625,309.08544921875,148.0924530029297,30.01876449584961,54.64899826049805,143.843017578125,52.311737060546875,103.53213500976562,274.9455261230469
2023-09-05,187.32994079589844,326.530029296875,48.51008224487305,136.53872680664062,305.6396484375,148.27699279785156,29.683176040649414,54.197513580322266,141.91590881347656,51.890838623046875,103.541259765625,270.5079345703125
2023-09-06,180.6248016357422,325.8741455078125,47.028114318847656,136.3130645751953,303.16619873046875,145.8131103515625,28.835803985595703,54.16065979003906,141.63662719726562,52.27936553955078,104.4350357055664,271.7277526855469
2023-09-07,175.3416290283203,322.96661376953125,46.208683013916016,135.1470184326172,303.94976806640625,147.6772003173828,28.76029396057129,53.74602127075195,142.9865264892578,52.926902770996094,103.92430114746094,270.31591796875
2023-09-08,175.953857421875,327.2348937988281,45.5401496887207,135.25047302246094,307.31060791015625,148.16627502441406,28.735126495361328,53.74602127075195,142.37210083007812,53.02404022216797,105.43824768066406,271.13232421875
2023-09-11,177.11912536621094,330.8276672363281,45.14643478393555,135.8428955078125,306.4892272949219,150.10415649414062,28.475040435791016,54.2527961730957,144.0664520263672,53.208587646484375,104.1158218383789,270.9113464355469
2023-09-12,174.0973663330078,324.78753662109375,44.83863830566406,137.6107177734375,312.3896484375,150.9531707763672,28.651229858398438,53.71837615966797,141.5342254638672,53.266868591308594,107.15283203125,270.6808776855469
2023-09-13,172.03347778320312,328.98724365234375,45.453216552734375,137.67657470703125,316.24139404296875,151.33151245117188,28.59250259399414,53.847373962402344,142.52105712890625,53.27981948852539,106.19522094726562,265.02349853515625
2023-09-14,173.54437255859375,331.5716552734375,45.54915237426758,140.34715270996094,325.2949523925781,151.10081481933594,28.651229858398438,54.29316329956055,144.0850830078125,53.50321960449219,108.09221649169922,271.40118408203125
2023-09-15,172.82347106933594,323.27008056640625,43.86932373046875,139.93341064453125,323.3785400390625,148.98757934570312,28.584110260009766,53.810218811035156,142.8748016357422,53.305721282958984,106.43235778808594,268.12591552734375
2023-09-18,175.74649047851562,322.13458251953125,43.935279846191406,140.22491455078125,324.1148986816406,149.9288330078125,28.22334861755371,54.14456558227539,143.41476440429688,52.91071701049805,107.2896499633789,269.84521484375
2023-09-19,176.83273315429688,321.733154296875,43.489585876464844,140.04624938964844,322.7649230957031,149.6796875,28.51699447631836,54.033119201660156,142.995849609375,52.897762298583984,107.00691223144531,268.6253967285156
2023-09-20,173.29750061035156,314.0190124511719,42.2094841003418,139.45382690429688,317.8652038574219,150.33486938476562,28.206565856933594,54.27458572387695,142.8748016357422,53.06935501098633,106.15876007080078,267.60723876953125
2023-09-21,171.75697326660156,312.80511474609375,40.98833465576172,138.36302185058594,311.7666015625,149.18136596679688,27.560550689697266,53.43873977661133,141.63662719726562,52.4250602722168,104.66304016113281,261.287109375
2023-09-22,172.60621643066406,310.33819580078125,41.580928802490234,137.03713989257812,309.5480651855469,148.11090087890625,27.426311492919922,53.49445343017578,141.11529541015625,52.56428909301758,104.82720184326172,262.2763671875
2023-09-25,173.88011169433594,310.85699462890625,42.1924934387207,137.7141571044922,310.44488525390625,147.88941955566406,27.66961669921875,52.93722152709961,140.25880432128906,52.79739761352539,106.00370025634766,263.4385681152344
2023-09-26,169.8115997314453,305.5706787109375,41.881717681884766,136.2848358154297,305.70574951171875,146.74514770507812,27.18301010131836,52.500732421875,139.0113067626953,52.612850189208984,106.16786193847656,258.87615966796875
2023-09-27,168.30068969726562,306.2070007324219,42.43832015991211,137.08413696289062,303.9403381347656,144.9825897216797,26.931312561035156,51.962066650390625,137.16799926757812,52.36030960083008,109.62440490722656,261.94024658203125
2023-09-28,168.5574493408203,307.0390930175781,43.05888748168945,138.78616333007812,307.0085144042969,144.7703399658203,26.922927856445312,51.83204650878906,136.23703002929688,52.62580108642578,108.95862579345703,265.3307800292969
2023-09-29,169.07098388671875,309.10467529296875,43.46860122680664,136.36949157714844,305.46966552734375,143.72756958007812,27.829023361206055,51.989933013916016,135.79017639160156,51.780757904052734,107.23492431640625,262.21875
2023-10-02,171.57925415039062,315.0273132324219,44.75071334838867,135.1940460205078,300.6833190917969,143.1738739013672,28.475040435791016,51.52556610107422,135.16647338867188,51.83579635620117,105.45648956298828,260.9893493652344
2023-10-03,170.24607849121094,306.79437255859375,43.48659133911133,134.19728088378906,288.9958801269531,143.3491973876953,28.441486358642578,50.96833038330078,135.4457550048828,51.5087890625,105.6388931274414,258.34796142578125
2023-10-04,171.49034118652344,312.24713134765625,44.010223388671875,134.799072265625,291.3371276855469,143.51531982421875,27.946483612060547,51.11693572998047,135.892578125,52.12718963623047,101.68986511230469,254.5635223388672
2023-10-05,172.72471618652344,312.6386413574219,44.65677261352539,135.3674774169922,293.1307373046875,145.01026916503906,28.08072280883789,48.64652633666992,133.8724365234375,51.50554656982422,99.40069580078125,250.50062561035156
2023-10-06,175.27249145507812,320.3724670410156,45.730018615722656,137.4515380859375,295.00006103515625,145.47169494628906,27.795467376708984,49.352352142333984,134.14236450195312,50.641075134277344,97.74083709716797,255.53366088867188
2023-10-09,176.75375366210938,322.8785705566406,45.241371154785156,137.13890075683594,295.1228332519531,146.30218505859375,27.854198455810547,49.11088943481445,133.4627685546875,50.4565315246582,101.16089630126953,260.5859375
2023-10-10,176.16123962402344,321.4786376953125,45.765995025634766,137.97251892089844,297.1619567871094,146.13612365722656,27.829023361206055,50.17892074584961,134.78475952148438,51.026363372802734,100.73223876953125,262.4204406738281
2023-10-11,177.55361938476562,325.423828125,46.773292541503906,138.44615173339844,295.50982666015625,144.1243438720703,27.7786865234375,49.88172912597656,133.1276397705078,51.2303466796875,97.12065887451172,262.0555114746094
2023-10-12,178.4522705078125,324.19036865234375,46.91218948364258,138.1240997314453,292.5171813964844,144.26278686523438,27.619279861450195,49.045875549316406,133.42555236816406,51.46345901489258,97.10243225097656,258.962646484375
2023-10-13,176.61550903320312,320.8324890136719,45.42922592163086,140.19862365722656,291.9979248046875,144.74267578125,26.9397029876709,49.12017059326172,134.70098876953125,51.748382568359375,100.20328521728516,257.3586730957031
2023-10-16,176.48712158203125,325.6392822265625,46.06279373168945,140.0565643310547,296.8032531738281,145.37014770507812,27.91292381286621,49.62168502807617,135.9856719970703,52.1951789855957,100.27623748779297,260.0960693359375
2023-10-17,174.93673706054688,325.0713806152344,43.90729522705078,139.75343322753906,292.0545349121094,144.04129028320312,27.47665023803711,50.216064453125,136.16256713867188,52.26317596435547,101.58953094482422,261.8825988769531
2023-10-18,173.6431121826172,323.1623840332031,42.1665153503418,138.2187957763672,285.0685729980469,140.940673828125,26.352415084838867,50.197486877441406,139.6722869873047,52.302032470703125,103.01229095458984,248.9829864501953
2023-10-19,173.2678680419922,324.3470153808594,42.07158279418945,137.63150024414062,282.4534912109375,140.56231689453125,26.167842864990234,50.476112365722656,138.88629150390625,52.0527229309082,103.07612609863281,242.90296936035156
2023-10-20,170.72010803222656,319.7948913574219,41.35807800292969,135.41481018066406,283.2653503417969,141.1898193359375,25.71479034423828,50.680423736572266,138.6989288330078,51.401939392089844,101.30682373046875,240.59548950195312
2023-10-23,170.83859252929688,322.3890686035156,42.94497299194336,133.567626953125,282.4818420410156,139.70411682128906,25.87420082092285,50.2253532409668,138.79263305664062,52.13042449951172,99.82022857666016,238.78041076660156
2023-10-24,171.27310180664062,323.5736083984375,43.632484436035156,133.72865295410156,282.4440002441406,139.55645751953125,25.530216217041016,51.674163818359375,140.43206787109375,52.855674743652344,98.85350799560547,240.9333953857422
2023-10-25,168.9623260498047,333.50018310546875,41.74980163574219,132.9992218017578,280.1594543457031,139.87022399902344,25.781906127929688,52.11994552612305,141.0878448486328,52.69702911376953,99.035888671875,236.4825897216797
2023-10-26,164.80494689941406,320.9892578125,40.297821044921875,133.34027099609375,280.3765563964844,137.49859619140625,26.142675399780273,51.80418395996094,140.3384246826172,52.37649154663086,98.13298797607422,234.05923461914062
2023-10-27,166.11830139160156,322.86871337890625,40.471702575683594,128.53750610351562,273.69256591796875,134.36105346679688,25.261741638183594,51.302677154541016,137.86517333984375,52.182228088378906,96.26336669921875,230.3228759765625
2023-10-30,168.1624298095703,330.2109375,41.13223648071289,130.1763153076172,284.001708984375,135.6806640625,25.630891799926758,52.14781188964844,139.83248901367188,52.78120803833008,96.5643310546875,233.79856872558594
2023-10-31,168.63644409179688,330.9940490722656,40.751502990722656,131.72987365722656,286.6262512207031,136.8895263671875,25.6392822265625,52.46358108520508,140.5538787841797,52.9074821472168,96.5369644165039,218.24484252929688
2023-11-01,171.7964630126953,338.7865905761719,42.295433044433594,131.61619567871094,289.9776916503906,137.21255493164062,25.597333908081055,52.417137145996094,140.16038513183594,53.38018798828125,96.34544372558594,223.82525634765625
2023-11-02,175.3515167236328,340.98919677734375,43.4755973815918,133.9654998779297,296.20849609375,138.6428985595703,25.588943481445312,53.02080535888672,141.8748016357422,53.590633392333984,99.51014709472656,230.86354064941406
2023-11-03,174.44297790527344,345.3749084472656,44.97355270385742,135.4622039794922,309.29315185546875,139.65797424316406,26.2265682220459,52.69575500488281,140.59133911132812,53.31218719482422,98.29716491699219,232.43728637695312
2023-11-06,176.99075317382812,349.0264587402344,45.71902847290039,136.4852752685547,305.7906799316406,139.99020385742188,26.15945053100586,52.909358978271484,141.4063720703125,53.383426666259766,96.55522155761719,230.0525360107422
2023-11-07,179.54840087890625,352.9421691894531,45.92288589477539,136.41893005371094,305.8284606933594,139.251953125,26.21817970275879,53.104400634765625,141.07847595214844,53.632728576660156,95.041259765625,226.80856323242188
2023-11-08,180.6050262451172,355.5560302734375,46.54146194458008,137.09153747558594,306.404296875,138.74441528320312,25.857418060302734,53.02080535888672,140.5351104736328,53.19563674926758,93.87387084960938,226.71200561523438
2023-11-09,180.1310272216797,353.098876953125,46.91719055175781,136.68418884277344,302.8357849121094,136.0405731201172,25.236703872680664,52.6214599609375,140.85366821289062,53.07259750366211,93.9012451171875,226.06515502929688
2023-11-10,184.31365966796875,361.889892578125,48.30122756958008,138.7113800048828,307.30120849609375,135.88369750976562,25.0666446685791,52.677188873291016,141.84671020507812,53.80757141113281,94.62173461914062,231.4042205810547
2023-11-13,182.73159790039062,358.96282958984375,48.586029052734375,138.09564208984375,308.62286376953125,136.234375,24.64150047302246,52.872215270996094,142.83038330078125,54.28998565673828,95.61582946777344,233.3254852294922
2023-11-14,185.34205627441406,362.477294921875,49.62130355834961,140.6154327392578,319.7721862792969,136.2620391845703,24.879581451416016,53.03009796142578,142.51185607910156,54.2802734375,95.98397064208984,239.30177307128906
2023-11-15,185.90565490722656,362.6244201660156,48.85383987426758,141.84695434570312,318.7148742675781,137.31405639648438,25.670352935791016,53.13225555419922,141.85606384277344,54.96990203857422,95.4041519165039,242.42022705078125
2023-11-16,187.58665466308594,369.00048828125,49.4454231262207,143.46678161621094,317.8369140625,138.5137176513672,25.313232421875,53.076534271240234,143.177001953125,50.52128982543945,94.29972839355469,239.6396942138672
2023-11-17,187.56686401367188,362.80096435546875,49.26355743408203,144.7645721435547,320.2159423828125,138.2276153564453,25.440778732299805,53.178688049316406,141.52818298339844,50.297882080078125,96.60062408447266,244.33189392089844
2023-11-20,189.30712890625,370.24627685546875,50.37377166748047,145.2097930908203,320.46142578125,139.44619750976562,25.49179458618164,53.308719635009766,140.7787322998047,50.28169631958008,96.17723846435547,241.8023223876953
2023-11-21,188.5062255859375,365.95953369140625,49.909095764160156,144.90664672851562,316.2319641113281,140.5717315673828,25.763883590698242,53.89381408691406,140.16038513183594,50.463008880615234,96.14043426513672,240.79824829101562
2023-11-22,189.16871643066406,370.6484375,48.68195724487305,145.24769592285156,319.69671630859375,140.2926788330078,25.780893325805664,54.256011962890625,141.48135375976562,50.07772445678711,95.72627258300781,237.51564025878906
2023-11-24,187.8437042236328,370.23651123046875,47.74261474609375,145.4466094970703,320.17816162109375,141.8553924560547,25.933944702148438,54.395320892333984,141.81858825683594,50.52775955200195,96.24166870117188,238.81906127929688
2023-11-27,187.6657257080078,371.39398193359375,48.208290100097656,145.1150665283203,318.8186950683594,140.7205352783203,25.627838134765625,54.29316329956055,141.68743896484375,50.757633209228516,95.68026733398438,238.84800720214844
2023-11-28,188.26889038085938,375.40606689453125,47.78758239746094,145.4466094970703,318.7620849609375,141.046142578125,25.245206832885742,54.40460968017578,142.67111206054688,51.363094329833984,95.62503814697266,238.9541778564453
2023-11-29,187.25042724609375,371.62939453125,48.10636520385742,146.18548583984375,323.86383056640625,141.4925994873047,25.57682228088379,54.07954788208008,141.5843963623047,50.53424072265625,94.18927764892578,240.83688354492188
2023-11-30,187.82394409179688,371.6882629394531,46.737327575683594,147.8527069091797,325.0821533203125,143.86463928222656,25.908435821533203,54.706748962402344,143.82342529296875,50.4079704284668,94.55744171142578,242.0630340576172
2023-12-01,189.09951782226562,367.37213134765625,46.73232650756836,148.57266235351562,331.6401062011719,147.3249969482422,24.581979751586914,54.89398193359375,143.0177459716797,49.97087860107422,94.78751373291016,247.8944854736328
2023-12-04,187.30975341796875,362.1044921875,45.47820281982422,149.6620635986328,332.5538635253906,147.79006958007812,24.89658546447754,54.82844924926758,142.45562744140625,49.95792007446289,94.27210235595703,245.95387268066406
2023-12-05,191.25511169433594,365.4200744628906,46.53755569458008,149.64309692382812,325.2820739746094,147.4831085205078,24.735031127929688,54.91270065307617,137.4904022216797,50.4209098815918,92.44061279296875,246.37867736816406
2023-12-06,190.16741943359375,361.7709655761719,45.47520446777344,148.07058715820312,325.4914245605469,145.6878204345703,24.47994041442871,54.85653305053711,137.3873291015625,49.873741149902344,91.21653747558594,247.1317596435547
2023-12-07,192.09561157226562,363.8800048828125,46.56753158569336,148.52529907226562,328.013671875,144.55296325683594,24.343896865844727,54.98759460449219,137.246826171875,49.54551315307617,90.58148193359375,248.5220184326172
2023-12-08,193.51950073242188,367.09747314453125,47.47697830200195,150.1641082763672,333.9244689941406,143.64137268066406,24.471437454223633,54.86589813232422,135.9821014404297,49.02555847167969,91.62149810791016,250.53982543945312
2023-12-11,191.01780700683594,364.2232971191406,46.59851837158203,150.7135467529297,334.8096923828125,144.2366943359375,24.352397918701172,55.268428802490234,136.6097869873047,49.1490478515625,91.68592071533203,251.91082763671875
2023-12-12,192.5307159423828,367.24456787109375,47.62788772583008,152.0586700439453,335.6186828613281,144.24603271484375,24.301382064819336,55.624149322509766,136.72219848632812,49.18804931640625,90.24095916748047,252.40322875976562
2023-12-13,195.74427795410156,367.23480224609375,48.058624267578125,152.57020568847656,345.2510681152344,144.91574096679688,22.6688175201416,56.10157012939453,139.1954345703125,50.062225341796875,91.04166412353516,258.7174072265625
2023-12-14,195.89260864257812,358.95562744140625,48.32046127319336,155.3457794189453,364.99163818359375,145.92039489746094,22.218162536621094,55.268428802490234,135.52304077148438,49.45127487182617,93.48982238769531,275.3235168457031
2023-12-15,195.35865783691406,363.6641845703125,48.86013412475586,156.52044677734375,362.17425537109375,144.32974243164062,22.643310546875,54.85653305053711,134.8672637939453,49.636505126953125,92.86396026611328,275.87384033203125
2023-12-18,193.6974639892578,365.547607421875,50.04640197753906,157.4676971435547,358.2622985839844,144.5902099609375,23.008935928344727,55.24970245361328,136.93768310546875,50.361202239990234,93.55422973632812,275.8448791503906
2023-12-19,194.73570251464844,366.14599609375,49.573692321777344,159.57069396972656,364.0207824707031,145.5389862060547,23.944259643554688,55.07183837890625,136.93768310546875,50.54318618774414,94.78751373291016,282.84454345703125
2023-12-20,192.64932250976562,363.5562744140625,48.081607818603516,157.77084350585938,359.3283386230469,142.57167053222656,23.493602752685547,53.929779052734375,134.82041931152344,49.95173645019531,93.20450592041016,279.70672607421875
2023-12-21,192.50099182128906,366.420654296875,48.9600715637207,158.67074584960938,362.23138427734375,144.03204345703125,24.07180404663086,54.28550338745117,135.14828491210938,50.30595397949219,93.62786102294922,280.0542907714844
2023-12-22,191.43310546875,367.4407958984375,48.8001708984375,158.5760040283203,362.3075256347656,144.60879516601562,24.148326873779297,54.59442138671875,136.10386657714844,50.90715789794922,93.79352569580078,280.3342590332031
2023-12-26,190.88925170898438,367.519287109375,49.2488899230957,159.5138397216797,363.2212219238281,145.2413330078125,24.156829833984375,54.819091796875,136.72219848632812,50.829158782958984,94.00521087646484,285.4223327636719
2023-12-27,190.98812866210938,366.9405822753906,49.386810302734375,160.47059631347656,365.95294189453125,145.4366455078125,24.32689094543457,54.959503173828125,136.83462524414062,51.3068733215332,93.56343841552734,287.8262939453125
2023-12-28,191.413330078125,368.1274719238281,49.49174499511719,161.32318115234375,367.7899475097656,145.65060424804688,24.47994041442871,54.99695587158203,136.5254669189453,51.20613479614258,92.21051788330078,286.629150390625
2023-12-29,190.37506103515625,368.8729553222656,49.49174499511719,161.13372802734375,367.1807556152344,145.79945373535156,24.47994041442871,55.16545867919922,137.28428649902344,51.23213195800781,92.01725006103516,285.46099853515625
2024-01-02,183.5622100830078,363.801513671875,48.13856887817383,163.00930786132812,369.5888671875,148.80398559570312,25.279218673706055,55.99860382080078,139.3453369140625,51.76509094238281,94.20768737792969,282.6031494140625
2024-01-03,182.18775939941406,363.5366516113281,47.53993606567383,162.29885864257812,363.39263916015625,149.73419189453125,25.279218673706055,56.1296501159668,138.502197265625,51.76833724975586,94.99919128417969,274.4835510253906
2024-01-04,179.8739471435547,360.92730712890625,47.96867752075195,163.3759307861328,364.4966735839844,149.41793823242188,24.735031127929688,55.94243240356445,139.26101684570312,51.26787185668945,94.1708755493164,276.2214050292969
2024-01-05,179.15211486816406,360.740966796875,49.0670051574707,164.19561767578125,367.8185119628906,149.88304138183594,25.058141708374023,55.85817337036133,138.10870361328125,50.926666259765625,94.4561767578125,278.95367431640625
2024-01-08,183.4830780029297,367.5487060546875,52.2210807800293,163.9573211669922,370.1218566894531,150.25509643554688,25.151676177978516,56.27007293701172,139.29849243164062,51.427120208740234,92.88238525390625,282.1590270996094
2024-01-09,183.06777954101562,368.6277770996094,53.107540130615234,162.6610565185547,365.2486267089844,150.34811401367188,24.99862289428711,56.16709899902344,139.8699951171875,51.771583557128906,91.73193359375,282.1976623535156
2024-01-10,184.10601806640625,375.4747009277344,54.31679916381836,163.00421142578125,363.55438232421875,150.57135009765625,24.649999618530273,56.35432052612305,140.46954345703125,52.415035247802734,90.82999420166016,283.2210388183594
2024-01-11,183.5127410888672,377.29925537109375,54.78850555419922,162.31796264648438,361.450927734375,149.901611328125,24.148326873779297,55.98923110961914,141.00352478027344,52.35654067993164,90.81156921386719,281.9755554199219
2024-01-12,183.8390655517578,381.0660705566406,54.67657470703125,161.12652587890625,359.5472717285156,151.05506896972656,24.40341567993164,56.53218460083008,141.0878448486328,52.42478942871094,91.98963165283203,280.382568359375
2024-01-16,181.57467651367188,382.83172607421875,56.34756088256836,160.1162109375,362.1171569824219,149.3155975341797,24.080303192138672,56.157737731933594,140.3290252685547,52.59052658081055,89.90962982177734,277.31243896484375
2024-01-17,180.63531494140625,382.0469970703125,56.018760681152344,159.25839233398438,359.00469970703125,149.23187255859375,23.935754776000977,56.157737731933594,140.46954345703125,52.343544006347656,89.25617218017578,269.0093688964844
2024-01-18,186.5187225341797,386.3631591796875,57.07210922241211,159.57290649414062,358.7477111816406,149.9574432373047,23.88473892211914,56.31687927246094,139.6597137451172,53.048736572265625,89.09051513671875,272.1664123535156
2024-01-19,189.41592407226562,391.0716552734375,59.45465850830078,162.32748413085938,363.7828369140625,150.39462280273438,24.04629135131836,56.007957458496094,139.1223602294922,52.769264221191406,89.22855377197266,276.7057189941406
2024-01-22,191.71983337402344,388.9528503417969,59.61756134033203,162.13682556152344,367.3616638183594,151.1294708251953,24.07180404663086,55.76457214355469,139.39573669433594,52.77251434326172,89.1089096069336,279.9938659667969
2024-01-23,192.99542236328125,391.2972717285156,59.836421966552734,161.06935119628906,362.4217224121094,148.65513610839844,24.17383575439453,56.026676177978516,145.1654052734375,52.90573501586914,90.11212158203125,280.1490478515625
2024-01-24,192.32302856445312,394.88751220703125,61.32451248168945,162.508544921875,361.1177673339844,147.86451721191406,24.08880615234375,55.14673614501953,143.41189575195312,52.15830612182617,91.6675033569336,281.94342041015625
2024-01-25,191.99673461914062,397.15350341796875,61.57936096191406,164.83416748046875,364.2587585449219,148.42259216308594,23.70905113220215,55.38075637817383,146.71153259277344,52.91874694824219,93.99600219726562,291.730224609375
2024-01-26,190.2662811279297,396.2313537597656,60.99372100830078,164.20513916015625,359.58538818359375,148.36680603027344,23.70905113220215,55.57734680175781,147.20176696777344,53.38345718383789,94.79672241210938,290.43048095703125
2024-01-29,189.58401489257812,401.91107177734375,62.426841735839844,164.634033203125,362.22186279296875,148.236572265625,23.717681884765625,55.91435241699219,147.22061157226562,53.63368606567383,94.9163589477539,294.13568115234375
2024-01-30,185.93533325195312,400.8025817871094,62.73564910888672,168.00811767578125,368.2277526855469,147.68777465820312,23.32065773010254,56.073490142822266,148.4744873046875,53.812416076660156,96.4993667602539,295.6003112792969
2024-01-31,182.3360595703125,390.0024108886719,61.489418029785156,166.1876220703125,365.5056457519531,147.8086700439453,23.372447967529297,55.68968200683594,148.1444854736328,53.701934814453125,94.62185668945312,291.2839660644531
2024-02-01,184.7685089111328,396.0842590332031,62.98849868774414,165.587158203125,365.35333251953125,147.30638122558594,23.553693771362305,57.08449172973633,150.0677490234375,54.696353912353516,94.23531341552734,298.44219970703125
2024-02-02,183.7698211669922,403.3824157714844,66.11958312988281,166.54031372070312,369.1700439453125,145.6785125732422,23.242982864379883,56.672603607177734,149.04013061523438,55.10581970214844,93.84874725341797,305.61981201171875
2024-02-05,185.579345703125,397.9186706542969,69.28964233398438,166.3210906982422,364.5633239746094,144.92503356933594,22.93227195739746,56.20454406738281,149.15325927734375,54.81010055541992,93.46220397949219,311.7401123046875
2024-02-06,187.1812286376953,397.7616271972656,68.18132019042969,166.89295959472656,366.43841552734375,147.02728271484375,23.734941482543945,56.11093521118164,149.86033630371094,55.18381881713867,94.1064453125,313.0204772949219
2024-02-07,187.2899932861328,406.1584777832031,70.0561752319336,167.2074737548828,368.02789306640625,146.952880859375,23.786725997924805,56.157737731933594,150.01113891601562,55.04407501220703,94.07884216308594,313.8642578125
2024-02-08,186.21221923828125,406.2173767089844,69.59844970703125,166.60702514648438,366.4859924316406,145.483154296875,23.795360565185547,56.007957458496094,149.55865478515625,55.040828704833984,95.68946075439453,312.3221435546875
2024-02-09,186.9745635986328,412.53460693359375,72.08894348144531,166.80715942382812,365.7435607910156,145.8180389404297,23.786725997924805,55.75520706176758,148.4084930419922,55.011573791503906,93.66468048095703,307.6275634765625
2024-02-12,185.29141235351562,407.345458984375,72.20386505126953,167.5506134033203,373.71978759765625,146.83197021484375,23.873037338256836,55.88626480102539,148.11622619628906,55.343055725097656,94.95317840576172,311.9632568359375
2024-02-13,183.20236206054688,398.57586669921875,72.08395385742188,166.0923309326172,360.4990539550781,145.54827880859375,23.277502059936523,55.558616638183594,147.32432556152344,54.96607971191406,94.1357421875,303.4373779296875
2024-02-14,182.32119750976562,402.42828369140625,73.8548583984375,167.77935791015625,359.8233337402344,144.86924743652344,23.398338317871094,55.50244903564453,146.720947265625,54.79059600830078,93.6712875366211,307.1910705566406
2024-02-15,182.0341033935547,399.5487976074219,72.61360931396484,171.43936157226562,366.84771728515625,146.89706420898438,23.743574142456055,55.60542297363281,148.02194213867188,55.01482391357422,96.3558349609375,313.3599548339844
2024-02-16,180.49949645996094,397.0919189453125,72.56864166259766,170.6387481689453,365.9148864746094,146.72837829589844,23.83851432800293,55.5960693359375,148.49334716796875,55.362548828125,96.3558349609375,312.2348327636719
2024-02-20,179.75692749023438,395.84381103515625,69.40958404541016,171.30593872070312,365.9909973144531,147.9561767578125,23.8126220703125,56.822383880615234,149.43606567382812,57.149906158447266,95.44550323486328,304.31036376953125
2024-02-21,180.50942993164062,395.24432373046875,67.43079376220703,172.42111206054688,369.5603332519531,148.7247314453125,23.88166618347168,57.32788848876953,151.2178955078125,56.447959899902344,97.39620971679688,307.608154296875
2024-02-22,182.53903198242188,404.551025390625,78.49002075195312,174.48939514160156,371.654296875,150.38368225097656,23.77809715270996,57.24363708496094,151.3687286376953,57.00366973876953,97.31260681152344,312.4093933105469
2024-02-23,180.7074432373047,403.2635803222656,78.76885986328125,175.3662872314453,372.20635986328125,151.6864776611328,23.9593448638916,57.29043960571289,151.81182861328125,57.05241394042969,96.45801544189453,314.1456298828125
2024-02-26,179.36093139648438,400.5118713378906,79.04368591308594,174.76580810546875,371.4163818359375,150.70236206054688,23.458751678466797,56.83174133300781,151.04818725585938,58.10532760620117,96.83885955810547,315.60052490234375
2024-02-27,180.81631469726562,400.45294189453125,78.65292358398438,174.8516082763672,371.9779357910156,150.88043212890625,23.208457946777344,56.485382080078125,150.18087768554688,58.095577239990234,96.6344985961914,317.7828674316406
2024-02-28,179.61831665039062,400.68878173828125,77.61554718017578,175.73800659179688,376.8857421875,151.4146728515625,23.337919235229492,56.54154586791992,150.88795471191406,58.124820709228516,96.90389251708984,319.6549072265625
2024-02-29,178.9550018310547,406.5067138671875,79.06367492675781,177.33924865722656,372.9269104003906,151.25534057617188,22.92363739013672,56.185821533203125,149.84149169921875,57.140159606933594,97.08966827392578,323.9226379394531
2024-03-01,177.87582397460938,408.3345947265625,82.2287368774414,176.60536193847656,372.01629638671875,151.94891357421875,22.94952964782715,55.72712707519531,149.75662231445312,57.28639221191406,98.3158187866211,326.58026123046875
2024-03-04,173.36109924316406,407.7646484375,85.1849365234375,177.93019104003906,375.9943542480469,149.81198120117188,22.345369338989258,55.98923110961914,150.42599487304688,57.81284713745117,96.9410400390625,328.4716491699219
2024-03-05,168.4305419921875,395.7062072753906,85.91551971435547,179.71255493164062,374.7098388671875,149.93380737304688,22.509353637695312,55.7177619934082,150.19972229003906,58.53429412841797,98.13005065917969,323.5055847167969
2024-03-06,167.4404754638672,395.1558532714844,88.64997100830078,180.64659118652344,373.4253845214844,149.34332275390625,23.46738624572754,55.745845794677734,150.4354248046875,59.05099868774414,99.1797103881836,325.54248046875
2024-03-07,167.32167053222656,402.0843200683594,92.61672973632812,179.06442260742188,372.3325500488281,148.90281677246094,23.122150421142578,55.64287185668945,151.42529296875,58.84626770019531,99.737060546875,329.9945068359375
2024-03-08,169.03448486328125,399.2146301269531,87.47862243652344,179.3979949951172,370.9522399902344,149.5120391845703,23.49327850341797,55.7177619934082,151.17079162597656,58.6122932434082,100.67526245117188,328.9954833984375
2024-03-11,171.034423828125,397.5439453125,85.72562408447266,179.46473693847656,370.15667724609375,151.11476135253906,24.485830307006836,56.39176559448242,152.3020782470703,59.13874435424805,101.2697525024414,324.90228271484375
2024-03-12,171.50965881347656,408.1183776855469,91.86115264892578,180.9420623779297,372.093017578125,152.530029296875,24.17511749267578,56.635154724121094,152.66029357910156,59.86993408203125,100.61952209472656,327.1040954589844
2024-03-13,169.43052673339844,407.9415283203125,90.83673095703125,182.409912109375,376.0517883300781,150.99290466308594,24.356365203857422,57.215553283691406,153.00912475585938,59.74319839477539,101.74349975585938,331.2554626464844
2024-03-14,171.28196716308594,417.88702392578125,87.89439392089844,179.15972900390625,372.5051574707031,149.22149658203125,24.2786865234375,57.088165283203125,152.2549285888672,59.692325592041016,103.54558563232422,331.6434020996094
2024-03-15,170.9057159423828,409.23876953125,87.7874526977539,181.38050842285156,371.16314697265625,148.25608825683594,24.114702224731445,56.50312805175781,152.14181518554688,59.35972595214844,103.35980987548828,336.5416564941406
2024-03-18,171.9947967529297,410.1231994628906,88.40510559082031,183.62991333007812,368.4408874511719,146.92518615722656,23.924819946289062,56.7390251159668,151.98153686523438,59.53581237792969,104.31659698486328,341.3234558105469
2024-03-19,174.3313446044922,414.1427001953125,89.34757232666016,184.70693969726562,372.55303955078125,146.40972900390625,23.847143173217773,56.8333854675293,152.5660400390625,59.54559326171875,105.05042266845703,343.2633361816406
2024-03-20,176.89564514160156,417.89678955078125,90.32102966308594,187.12789916992188,380.03936767578125,145.98793029785156,23.90755844116211,57.32406997680664,152.7168731689453,59.91732406616211,104.9575424194336,345.7366638183594
2024-03-21,169.6681365966797,421.96539306640625,91.38343048095703,189.7299346923828,396.5649108886719,145.97857666015625,23.873037338256836,57.05985641479492,152.59432983398438,60.11297607421875,105.42198944091797,353.6029968261719
2024-03-22,170.56910705566406,421.3462829589844,94.23580932617188,187.404296875,389.96044921875,145.49118041992188,23.61410903930664,57.078731536865234,152.40577697753906,59.54559326171875,105.42198944091797,347.3468017578125
2024-03-25,169.1533203125,415.56768798828125,94.94841003417969,185.68865966796875,388.1584167480469,145.4818115234375,23.67452621459961,56.99380111694336,151.0198974609375,59.25212097167969,106.49952697753906,345.2517395019531
2024-03-26,168.02462768554688,414.3785400390625,92.5087890625,186.55599975585938,389.34698486328125,145.997314453125,23.8126220703125,57.12590789794922,151.3593292236328,59.19342041015625,105.70066833496094,345.6784973144531
2024-03-27,171.58885192871094,414.162353515625,90.1990966796875,190.16839599609375,398.0411376953125,148.04991149902344,23.976606369018555,57.588279724121094,153.3013916015625,59.39885711669922,106.7967758178711,353.6902160644531
2024-03-28,169.77703857421875,413.4645690917969,90.30503845214844,190.91183471679688,400.3800048828125,148.2655029296875,23.950714111328125,57.729820251464844,152.9619903564453,58.86082077026367,107.97649383544922,355.4167175292969
2024-04-01,168.34146118164062,417.2481689453125,90.3120346069336,189.6155548095703,396.37322998046875,147.88121032714844,23.924819946289062,57.258018493652344,151.3875732421875,58.694522857666016,108.67316436767578,352.8075256347656
2024-04-02,167.1632537841797,414.17218017578125,89.40154266357422,189.53932189941406,393.1524658203125,147.83432006835938,23.77809715270996,56.75790023803711,151.37815856933594,57.872798919677734,110.80036926269531,353.8647766113281
2024-04-03,167.9652099609375,413.1992492675781,88.91382598876953,189.0055694580078,396.84295654296875,144.58203125,23.49327850341797,56.45594787597656,147.211181640625,58.13692855834961,110.8189697265625,364.49542236328125
2024-04-04,167.14346313476562,410.6735534667969,85.8565444946289,187.56752014160156,389.4140930175781,142.93246459960938,23.00131607055664,55.95583724975586,146.55126953125,58.20540237426758,111.20909881591797,358.6757507324219
2024-04-05,167.8959197998047,418.1818542480469,87.95836639404297,189.29315185546875,391.1587219238281,142.82936096191406,23.009946823120117,56.15399932861328,147.1640625,58.54778289794922,112.74181365966797,367.89990234375
2024-04-08,166.77713012695312,417.26788330078125,87.08384704589844,190.28060913085938,393.5263366699219,142.07955932617188,22.940900802612305,55.927528381347656,147.10748291015625,58.479312896728516,111.98011016845703,362.24517822265625
2024-04-09,167.98500061035156,418.9287109375,85.30584716796875,189.0055694580078,393.6893005371094,142.73562622070312,23.11351776123047,56.35215759277344,147.69198608398438,58.48909378051758,112.5653076171875,360.7222900390625
2024-04-10,166.11380004882812,415.9607849121094,86.98990631103516,187.3949737548828,384.151611328125,140.7767333984375,22.71649932861328,55.59726333618164,148.23878479003906,59.301029205322266,113.51280212402344,360.8872375488281
2024-04-11,173.30165100097656,420.55023193359375,90.56488800048828,187.35659790039062,381.007568359375,139.45521545410156,22.7337589263916,55.719932556152344,146.91893005371094,58.782554626464844,113.1319351196289,360.7999572753906
2024-04-12,174.7967071533203,414.6242370605469,88.13626098632812,175.23876953125,373.3486633300781,138.26486206054688,22.319477081298828,54.99335861206055,146.4381103515625,58.831478118896484,111.81289672851562,354.64080810546875
2024-04-15,170.9750213623047,406.5067138671875,85.95249938964844,175.3346710205078,384.2666320800781,138.3304901123047,22.36263084411621,54.86125564575195,146.55126953125,58.62604904174805,111.17194366455078,352.97247314453125
2024-04-16,167.69790649414062,407.43048095703125,87.36568450927734,173.3309783935547,380.41326904296875,135.3874969482422,22.172752380371094,54.7857666015625,147.0226287841797,58.53799819946289,110.2523193359375,349.0636291503906
2024-04-17,166.3316192626953,404.7377014160156,83.98760223388672,172.64073181152344,387.17108154296875,135.6874237060547,21.939716339111328,55.21038818359375,147.9748077392578,58.35213851928711,110.19657897949219,347.5504455566406
2024-04-18,165.3811492919922,397.29827880859375,84.62323760986328,173.7624053955078,386.4042053222656,136.59658813476562,21.9138240814209,55.58783721923828,149.243408203125,57.97062301635742,110.09441375732422,347.17218017578125
2024-04-19,163.3614044189453,392.2370910644531,76.15701293945312,178.1244354248047,387.25738525390625,138.6304473876953,22.440309524536133,56.776771545410156,150.04994201660156,58.234745025634766,111.35772705078125,345.25445556640625
2024-04-22,164.1930389404297,394.0453796386719,79.47314453125,181.58531188964844,400.0540771484375,139.76451110839844,22.664710998535156,57.13534927368164,152.3271484375,58.831478118896484,111.98938751220703,348.126220703125
2024-04-23,165.24252319335938,400.54144287109375,82.37651062011719,184.20252990722656,406.4284973144531,140.1769256591797,22.71649932861328,57.22026824951172,153.238037109375,57.8043212890625,112.42597198486328,353.6166687011719
2024-04-24,167.34146118164062,402.0056457519531,79.63207244873047,185.10369873046875,405.50823974609375,139.2115020751953,22.673341751098633,58.078948974609375,154.2817840576172,58.567344665527344,112.44454193115234,353.8795166015625
2024-04-25,168.2028350830078,392.15850830078125,82.58539581298828,185.38174438476562,402.6421813964844,137.6088104248047,21.80162239074707,58.258243560791016,154.23434448242188,58.89995193481445,112.70465087890625,329.03631591796875
2024-04-26,167.6186981201172,399.3128967285156,87.68551635742188,185.49676513671875,409.8505554199219,136.97146606445312,21.922456741333008,58.258243560791016,153.03878784179688,58.85103988647461,109.57421875,334.2736511230469
2024-04-29,171.7769775390625,395.3131408691406,87.70751190185547,185.29542541503906,412.9562683105469,137.6088104248047,22.129596710205078,58.541316986083984,153.38986206054688,58.92929458618164,111.1347885131836,340.5233154296875
2024-04-30,168.63845825195312,382.61590576171875,86.35327911376953,183.81907653808594,409.02618408203125,135.5187225341797,22.11233901977539,58.28654479980469,154.85108947753906,58.05866241455078,109.8621826171875,325.697265625
2024-05-01,167.6186981201172,388.129150390625,82.99414825439453,183.93409729003906,409.25628662109375,141.6952667236328,23.458751678466797,58.437522888183594,155.0408477783203,57.56954574584961,107.78141784667969,322.29010009765625
2024-05-02,171.3116455078125,390.9791564941406,85.76860809326172,183.7423553466797,414.6434020996094,140.51434326171875,23.90755844116211,58.494144439697266,155.45831298828125,58.41082763671875,107.97649383544922,326.544189453125
2024-05-03,181.55886840820312,399.6470947265625,88.73892211914062,182.6398468017578,420.0208435058594,139.9051055908203,24.00250244140625,58.66399002075195,156.04661560058594,58.518436431884766,107.7535629272461,327.8194580078125
2024-05-06,179.9054718017578,406.408447265625,92.08802032470703,184.0683135986328,425.2833557128906,139.25840759277344,24.304582595825195,58.83383560180664,156.0276336669922,58.567344665527344,108.45023345947266,333.027587890625
2024-05-07,180.58859252929688,402.2808532714844,90.50292205810547,183.82864379882812,425.4079284667969,139.3896026611328,23.967973709106445,59.08860778808594,157.28012084960938,59.301029205322266,107.9114761352539,335.85064697265625
2024-05-08,180.9252166748047,403.46014404296875,90.36100769042969,187.56752014160156,428.4274597167969,139.6051788330078,24.399517059326172,59.30563735961914,156.6254119873047,58.98799133300781,107.89290618896484,335.3639221191406
2024-05-09,182.73704528808594,405.20947265625,88.69694519042969,189.34109497070312,436.6806335449219,140.44871520996094,24.688636779785156,59.33395004272461,157.5457763671875,59.3296012878418,110.02008819580078,342.4508972167969
2024-05-10,181.47796630859375,407.5877380371094,89.82731628417969,190.5586395263672,435.885009765625,140.5049591064453,24.539697647094727,59.69252014160156,158.31436157226562,59.36886978149414,109.57421875,345.3809814453125
2024-05-13,184.6802215576172,406.5852966308594,90.34801483154297,190.520263671875,434.76348876953125,141.73275756835938,24.916423797607422,59.994476318359375,157.3844757080078,59.300148010253906,109.52776336669922,347.2208557128906
2024-05-14,185.82034301757812,409.3763427734375,91.30448150634766,193.18544006347656,439.4700622558594,141.8827362060547,24.863855361938477,59.54153823852539,157.28012084960938,58.760257720947266,110.19265747070312,348.68109130859375
2024-05-15,188.09066772460938,416.5338439941406,94.57662963867188,193.76063537597656,446.774169921875,143.0917510986328,25.249343872070312,59.569847106933594,157.9917449951172,58.730812072753906,111.04483032226562,350.4917907714844
2024-05-16,188.2096405029297,414.47613525390625,94.3057861328125,194.10577392578125,445.26922607421875,144.6007843017578,25.33695411682129,59.74913024902344,159.2726593017578,62.83401870727539,110.37994384765625,341.4189453125
2024-05-17,188.2393798828125,413.708251953125,92.42682647705078,196.32992553710938,448.33660888671875,144.93820190429688,25.091644287109375,59.47549057006836,159.06396484375,63.4622688293457,112.0374755859375,346.8218078613281
2024-05-20,189.3993377685547,418.75885009765625,94.72654724121094,187.5004119873047,443.7547302246094,142.9257049560547,24.99527359008789,59.04142379760742,158.75082397460938,63.00088882446289,111.12910461425781,353.12994384765625
2024-05-21,190.6980743408203,422.401611328125,95.33220672607422,191.2776641845703,450.9151611328125,142.89735412597656,25.02155303955078,59.36225509643555,159.73760986328125,63.95307922363281,110.36121368408203,349.54754638671875
2024-05-22,189.2605438232422,423.8587341308594,94.89643859863281,190.11764526367188,443.2179870605469,145.0326690673828,25.932703018188477,59.447181701660156,159.22523498535156,64.05123138427734,108.14183044433594,346.5005187988281
2024-05-23,185.27508544921875,420.3931884765625,103.74046325683594,188.78504943847656,439.1632385253906,141.4423065185547,25.13545036315918,58.5885009765625,157.0239715576172,63.64875030517578,106.2969970703125,341.3995056152344
2024-05-24,188.34844970703125,423.50433349609375,106.40895080566406,192.4185028076172,442.0677185058594,138.86289978027344,25.30190658569336,58.503570556640625,156.87213134765625,64.17884063720703,106.21270751953125,339.6471862792969
2024-05-28,188.35836791992188,423.6618347167969,113.83674621582031,191.25848388671875,440.75445556640625,136.41575622558594,24.79376792907715,58.33372116088867,154.7656707763672,63.845088958740234,107.56121826171875,337.28167724609375
2024-05-29,188.65576171875,422.52960205078125,114.7602310180664,189.9259033203125,438.2238464355469,136.4724578857422,24.37323760986328,58.22050094604492,153.38035583496094,63.727298736572266,106.40937805175781,329.14337158203125
2024-05-30,189.64720153808594,408.25396728515625,110.43767547607422,191.09548950195312,434.1831970214844,137.26608276367188,24.706159591674805,58.47526931762695,154.26280212402344,63.69784927368164,106.74650573730469,330.25311279296875
2024-05-31,190.59893798828125,408.7068786621094,109.5711669921875,194.2592010498047,440.24896240234375,138.5794219970703,25.109167098999023,59.38113021850586,156.12252807617188,64.55187225341797,109.8087158203125,329.5425109863281
2024-06-03,192.3636474609375,407.1217346191406,114.93513488769531,193.48265075683594,438.7638854980469,139.5904083251953,25.678630828857422,59.38113021850586,156.22689819335938,64.61077117919922,107.17727661132812,322.5723876953125
2024-06-04,192.68092346191406,409.63232421875,116.37132263183594,190.9325408935547,439.0724792480469,139.6470947265625,25.836332321166992,60.33416748046875,158.46617126464844,65.37643432617188,105.5103759765625,318.88287353515625
2024-06-05,194.1878662109375,417.449462890625,122.3709487915039,189.11102294921875,445.2250671386719,137.91802978515625,25.888900756835938,60.3152961730957,157.5552978515625,65.85742950439453,105.9317855834961,320.7130126953125
2024-06-06,192.80979919433594,417.9515686035156,120.92976379394531,188.77548217773438,441.772705078125,138.3432159423828,25.23181915283203,60.532325744628906,159.8514862060547,65.91632080078125,106.72776794433594,319.58380126953125
2024-06-07,195.1990966796875,417.29193115234375,120.81982421875,191.68988037109375,438.6963806152344,138.9668426513672,25.039077758789062,60.30586242675781,158.5136260986328,64.6696548461914,105.58529663085938,320.2165832519531
2024-06-10,191.4614715576172,421.2497253417969,121.72130584716797,191.3639373779297,437.38482666015625,139.01405334472656,24.592262268066406,60.003910064697266,158.78878784179688,65.72981262207031,105.89432525634766,320.8687438964844
2024-06-11,205.37095642089844,425.9853515625,120.85174560546875,186.33079528808594,428.43560791015625,138.66448974609375,24.557222366333008,59.96615982055664,158.91213989257812,65.50404357910156,105.04216003417969,318.6297607421875
2024-06-12,211.2401580810547,434.2356872558594,125.13966369628906,183.6177520751953,432.7077331542969,137.38893127441406,24.233060836791992,59.33395004272461,156.72976684570312,65.09175872802734,103.88095092773438,320.0121765136719
2024-06-13,212.4000701904297,434.7475891113281,129.5475311279297,185.6597442626953,430.4414978027344,137.42672729492188,24.224300384521484,59.43775177001953,157.89686584472656,65.4745864868164,103.04750061035156,317.7049560546875
2024-06-14,210.6651153564453,435.72235107421875,131.8164520263672,185.7747802734375,430.54754638671875,137.51174926757812,24.119169235229492,59.480533599853516,158.25743103027344,65.78871154785156,102.1766128540039,312.94464111328125
2024-06-17,214.8092041015625,441.4325866699219,130.91688537597656,186.92518615722656,434.1349792480469,137.89915466308594,23.637310028076172,59.547096252441406,158.93109130859375,66.18135070800781,101.4742660522461,313.8499755859375
2024-06-18,212.44964599609375,439.4339294433594,135.5146484375,188.8617706298828,441.1265563964844,137.61569213867188,24.0140323638916,59.55660629272461,159.9368896484375,66.35806274414062,102.429443359375,316.5173034667969
2024-06-20,207.87924194335938,438.80389404296875,130.71697998046875,190.46275329589844,441.7244873046875,139.62820434570312,24.303152084350586,59.12868881225586,159.0924072265625,66.76052856445312,104.63947296142578,320.4015197753906
2024-06-21,205.70806884765625,442.8207702636719,126.50900268554688,188.19068908691406,434.1349792480469,140.54470825195312,24.303152084350586,59.68974304199219,159.65223693847656,66.66236877441406,103.72175598144531,319.14569091796875
2024-06-24,206.35247802734375,440.743408203125,118.0530776977539,190.6641082763672,445.6204833984375,140.894287109375,24.846332550048828,60.83085250854492,159.83250427246094,67.6341781616211,106.80268859863281,321.2484130859375
2024-06-25,207.27452087402344,443.97265625,126.02922821044922,189.88755798339844,441.0783386230469,139.0707550048828,24.522174835205078,60.70722961425781,158.31436157226562,66.18135070800781,107.10236358642578,318.7173767089844
2024-06-26,211.41859436035156,445.1639099121094,126.3390884399414,189.2739715576172,439.6125183105469,138.72116088867188,24.022794723510742,60.90693283081055,158.8836669921875,67.03539276123047,107.13980865478516,318.0651550292969
2024-06-27,212.26129150390625,445.8432312011719,123.93023681640625,190.9420928955078,430.06536865234375,137.75741577148438,24.355714797973633,60.77379608154297,158.0961151123047,66.63290405273438,107.59868621826172,318.77581787109375
2024-06-28,208.81118774414062,440.0345458984375,123.48046875,193.9044647216797,436.19873046875,138.09756469726562,24.51341438293457,60.52655792236328,156.48309326171875,66.46603393554688,107.80470275878906,324.2662353515625
2024-07-01,214.88853454589844,449.6632080078125,124.2401123046875,196.96267700195312,447.1345520019531,138.3621368408203,24.723678588867188,60.17470932006836,154.3956298828125,66.24026489257812,107.65485382080078,320.3528137207031
2024-07-02,218.37832641601562,452.1737365722656,122.61088562011719,200.2030487060547,449.0150451660156,137.97476196289062,24.38199806213379,60.05109405517578,155.5152587890625,66.81942749023438,106.9244384765625,319.0678405761719
2024-07-03,219.64732360839844,453.64068603515625,128.21817016601562,200.06883239746094,451.2427062988281,137.6534881591797,24.268104553222656,60.222259521484375,155.44883728027344,66.9863052368164,107.46757507324219,321.84222412109375
2024-07-05,224.3961639404297,460.3256530761719,125.76936340332031,197.41781616210938,448.1856994628906,138.39991760253906,24.57474136352539,60.63115310668945,156.75827026367188,68.75324249267578,106.16590881347656,319.6422424316406
2024-07-08,225.8634796142578,459.02606201171875,128.13818359375,197.7841339111328,448.253173828125,137.45506286621094,24.4696102142334,59.87041473388672,158.00123596191406,68.39984893798828,105.05152893066406,320.3333435058594
2024-07-09,226.716064453125,452.4297180175781,131.3166961669922,200.1555938720703,455.9776916503906,138.9384765625,24.285625457763672,59.61366271972656,157.1852264404297,68.61580657958984,103.89031982421875,317.4129333496094
2024-07-10,230.97915649414062,459.035888671875,134.84500122070312,200.31948852539062,461.82171630859375,141.18716430664062,24.837575912475586,59.746795654296875,158.26693725585938,69.1164321899414,104.80803680419922,319.7687683105469
2024-07-11,225.61561584472656,447.66461181640625,127.33860778808594,199.98208618164062,462.1495666503906,141.4423065185547,25.109167098999023,60.0035400390625,157.07135009765625,68.51764678955078,106.05352783203125,322.3484802246094
2024-07-12,228.5601043701172,446.53240966796875,129.17774963378906,197.56243896484375,462.77642822265625,141.61236572265625,25.33695411682129,60.5740966796875,158.08663940429688,67.96793365478516,106.0722427368164,326.690185546875
2024-07-15,232.38694763183594,446.93609619140625,128.37811279296875,202.48846435546875,474.686279296875,141.0076904296875,25.494653701782227,60.298336029052734,156.16049194335938,68.33113098144531,107.88897705078125,336.6001892089844
2024-07-16,232.80337524414062,442.5647888183594,126.29910278320312,205.92996215820312,485.0916748046875,142.68002319335938,25.8450927734375,61.116127014160156,158.40924072265625,68.70414733886719,108.66624450683594,351.0174560546875
2024-07-17,226.91436767578125,436.6576232910156,117.9331283569336,209.06295776367188,484.2816467285156,147.94276428222656,26.309431076049805,62.01000213623047,160.77186584472656,69.72502899169922,110.16455078125,348.3111572265625
2024-07-18,222.25473022460938,433.55633544921875,121.0316390991211,202.42098999023438,468.880859375,146.8467559814453,26.029075622558594,61.99098205566406,159.82301330566406,69.51890563964844,111.2508544921875,346.588134765625
2024-07-19,222.3835906982422,430.3467102050781,117.8731689453125,202.2281951904297,467.646484375,146.15704345703125,26.25686264038086,62.08607864379883,160.32606506347656,69.45018768310547,108.6943130493164,338.4109191894531
2024-07-22,222.03662109375,436.0865783691406,123.48046875,202.71018981933594,469.6812438964844,145.7318572998047,25.932703018188477,61.59158706665039,160.60287475585938,69.08698272705078,107.94515991210938,340.0237121582031
2024-07-23,223.0775909423828,437.967041015625,122.53091430664062,202.7584228515625,474.60906982421875,143.94610595703125,25.8450927734375,61.772274017333984,159.0469512939453,69.3520278930664,106.20336151123047,336.40716552734375
2024-07-24,216.66317749023438,422.2638244628906,114.1949462890625,201.08103942871094,469.3533935546875,147.6593475341797,26.265625,62.58055877685547,160.36424255371094,69.30294036865234,107.7016830444336,328.46051025390625
2024-07-25,215.62217712402344,411.92626953125,112.22588348388672,201.15814208984375,474.18475341796875,150.833984375,26.44084358215332,62.82779312133789,159.3142547607422,68.73359680175781,109.9679183959961,336.5342102050781
2024-07-26,216.08815002441406,418.6899719238281,113.00550842285156,204.59967041015625,481.24395751953125,151.77882385253906,27.338197708129883,63.75971984863281,161.42379760742188,68.49800872802734,109.874267578125,342.5748596191406
2024-07-29,216.36575317382812,420.12738037109375,111.53622436523438,203.25967407226562,475.1588439941406,149.8135528564453,27.29377555847168,63.55051040649414,162.20651245117188,68.34095764160156,108.72241973876953,336.7590026855469
2024-07-30,216.92091369628906,416.3763732910156,103.68001556396484,207.4434356689453,487.647216796875,152.43077087402344,27.889047622680664,64.35880279541016,154.3505859375,67.9188461303711,110.66088104248047,334.01239013671875
2024-07-31,220.17274475097656,411.8770446777344,116.96359252929688,205.13949584960938,490.8874816894531,149.14273071289062,27.133852005004883,63.46492385864258,153.4532928466797,67.37893676757812,111.05418395996094,338.3913269042969
2024-08-01,216.48471069335938,410.65618896484375,109.1573715209961,200.47372436523438,482.2950439453125,151.8922119140625,27.231584548950195,64.62506103515625,158.1592559814453,68.50782012939453,109.5184097290039,324.0424499511719
2024-08-02,217.9718475341797,402.1695861816406,107.21829986572266,191.97120666503906,453.86572265625,155.0857696533203,27.036121368408203,65.9278335571289,162.34971618652344,67.20226287841797,109.4528579711914,313.6326599121094
2024-08-05,207.4727783203125,389.0360107421875,100.4015884399414,187.88385009765625,442.6598815917969,152.3551788330078,26.423076629638672,64.75819396972656,160.42153930664062,66.34823608398438,107.47693634033203,309.6544494628906
2024-08-06,205.45025634765625,393.427001953125,104.19975280761719,193.12803649902344,453.4607238769531,150.20095825195312,26.049917221069336,64.71063995361328,160.4501495361328,66.49549102783203,106.90570068359375,319.0770568847656
2024-08-07,208.01805114746094,392.26519775390625,98.86233520507812,193.1858367919922,456.1512756347656,150.1348114013672,25.63233757019043,65.10051727294922,162.29241943359375,65.68074035644531,108.32911682128906,318.45147705078125
2024-08-08,211.47805786132812,396.4593505859375,104.9194107055664,196.714111328125,468.4564514160156,151.38198852539062,25.552377700805664,65.35726928710938,163.10379028320312,66.41696166992188,110.398681640625,328.57781982421875
2024-08-09,214.3829345703125,399.7377624511719,104.69951629638672,198.3914794921875,472.7864685058594,151.7599334716797,25.365795135498047,65.3097152709961,162.78878784179688,66.70162963867188,111.29767608642578,330.6304626464844
2024-08-12,215.91146850585938,400.515625,108.96746826171875,198.76742553710938,468.1961669921875,151.0607452392578,25.276952743530273,64.82475280761719,159.22833251953125,67.4378433227539,111.43815612792969,328.4507141113281
2024-08-13,219.6236572265625,407.6042175292969,116.08402252197266,200.4544219970703,474.4066162109375,149.65293884277344,25.63233757019043,65.10051727294922,159.6865234375,66.8783187866211,110.37057495117188,331.15826416015625
2024-08-14,220.0702667236328,410.4100646972656,118.02310180664062,202.67164611816406,480.9256896972656,149.7379913330078,25.65899085998535,65.21463012695312,161.1278839111328,67.3985824584961,111.39131164550781,329.9755554199219
2024-08-15,223.0479736328125,415.2627258300781,122.80079650878906,203.93446350097656,481.2342224121094,150.3143310546875,25.507951736450195,65.28119659423828,160.28785705566406,71.8355484008789,112.08042907714844,337.8440246582031
2024-08-16,224.36805725097656,412.7377624511719,124.51996612548828,206.2673797607422,486.2874755859375,150.59776306152344,25.143680572509766,65.78520202636719,160.25926208496094,72.30609130859375,111.55178833007812,335.73272705078125
2024-08-19,224.20925903320312,415.7558288574219,129.9373321533203,207.69407653808594,486.69256591796875,150.8245391845703,25.587915420532227,65.59500122070312,160.76513671875,72.5718994140625,111.89163970947266,336.8763122558594
2024-08-20,224.82464599609375,418.98101806640625,127.18868255615234,206.79757690429688,479.6141052246094,151.32528686523438,25.6767635345459,65.97537231445312,162.6647186279297,73.3791275024414,108.1628646850586,335.5567321777344
2024-08-21,224.71546936035156,418.3301086425781,128.4380645751953,206.87469482421875,478.7655334472656,152.5252685546875,25.79226303100586,66.15604400634766,162.42608642578125,74.06822204589844,107.47373962402344,335.2342224121094
2024-08-22,222.85935974121094,409.8577575683594,123.68036651611328,208.83160400390625,480.009521484375,153.39451599121094,25.570144653320312,65.9278335571289,162.41653442382812,74.4029312133789,108.3044662475586,334.637939453125
2024-08-23,225.15219116210938,411.0807800292969,129.30763244628906,210.45114135742188,491.26361083984375,155.0763397216797,25.6767635345459,66.36524963378906,161.4810791015625,74.52104949951172,109.80540466308594,340.5515441894531
2024-08-26,225.48965454101562,407.8259582519531,126.3990478515625,211.28016662597656,489.76885986328125,155.5298309326172,25.694530487060547,67.36372375488281,162.60743713378906,74.8459243774414,112.15595245361328,343.2394714355469
2024-08-27,226.3333282470703,408.1711730957031,128.23817443847656,212.25381469726562,489.1805725097656,155.12998962402344,25.605684280395508,67.99134826660156,161.5574188232422,74.94435119628906,111.08924102783203,343.20037841796875
2024-08-28,224.80479431152344,404.9755554199219,125.54946899414062,213.32383728027344,485.3906555175781,156.05345153808594,25.54349136352539,68.22907257080078,161.37608337402344,74.8951416015625,109.99420166015625,340.34625244140625
2024-08-29,228.0802459716797,407.4610290527344,117.5333251953125,214.21072387695312,491.91937255859375,156.34854125976562,25.516834259033203,68.51434326171875,162.302001953125,75.22985076904297,111.51403045654297,343.70867919921875
2024-08-30,227.29612731933594,411.4259948730469,119.3124771118164,216.70750427246094,494.97503662109375,157.90032958984375,25.774492263793945,68.91374206542969,163.7433624267578,76.02722930908203,111.33468627929688,348.0680847167969
2024-09-03,221.1124725341797,403.83148193359375,107.94794464111328,212.36949157714844,472.8673095703125,159.13796997070312,25.143680572509766,69.42723846435547,166.58790588378906,75.9681625366211,109.00301361083984,332.5657958984375
2024-09-04,219.206787109375,403.29888916015625,106.15880584716797,211.43441772460938,475.9521179199219,159.32835388183594,25.223642349243164,68.99932098388672,167.90518188476562,76.03706359863281,107.67198181152344,329.154541015625
2024-09-05,220.7253875732422,402.79583740234375,107.15833282470703,209.7956085205078,473.2747497558594,157.0720977783203,25.330257415771484,67.67752838134766,167.49473571777344,75.76142883300781,106.83183288574219,326.03643798828125
2024-09-06,219.177001953125,396.1974792480469,102.78044891357422,204.81173706054688,465.25225830078125,156.49136352539062,25.37468147277832,67.64900207519531,167.60928344726562,75.44641876220703,106.33150482177734,321.93115234375
2024-09-09,219.26629638671875,400.1623840332031,106.41869354248047,209.005126953125,473.9440612792969,158.61436462402344,26.1298828125,68.32415771484375,168.0579071044922,76.1355209350586,108.56877136230469,326.5055847167969
2024-09-10,218.47227478027344,408.5262451171875,108.04788970947266,198.1601104736328,453.1459045410156,159.347412109375,26.423076629638672,68.03889465332031,169.7092742919922,77.58263397216797,104.61344146728516,326.6229553222656
2024-09-11,221.0032958984375,417.24517822265625,116.85366821289062,199.77000427246094,457.0649719238281,156.91026306152344,26.351999282836914,67.59195709228516,166.0151824951172,77.6121597290039,103.57504272460938,327.4440002441406
2024-09-12,221.1124725341797,421.15093994140625,119.0927734375,199.16268920898438,459.8684387207031,156.73887634277344,25.907764434814453,67.7345962524414,165.58563232421875,78.41938781738281,105.00048828125,331.9206848144531
2024-09-13,220.84449768066406,424.6917419433594,119.05278015136719,196.9647674560547,464.65081787109375,157.57666015625,26.005496978759766,68.37129974365234,166.1679229736328,79.34474182128906,104.92496490478516,337.52142333984375
2024-09-16,214.71047973632812,425.43145751953125,116.73370361328125,200.3773193359375,470.63616943359375,158.97610473632812,26.716272354125977,69.03192901611328,169.18429565429688,79.30536651611328,106.39759063720703,340.11163330078125
2024-09-17,215.17697143554688,429.18927001953125,115.54417419433594,201.71725463867188,470.8592529296875,159.05227661132812,26.50303840637207,68.74469757080078,167.8861083984375,77.37588500976562,107.78527069091797,345.71240234375
2024-09-18,219.0479278564453,424.90875244140625,113.3250503540039,200.05918884277344,470.073486328125,158.17642211914062,26.431961059570312,68.69682312011719,166.0151824951172,77.7991943359375,108.1628646850586,347.11016845703125
2024-09-19,227.16709899902344,432.6807861328125,117.82327270507812,202.90298461914062,488.7472229003906,156.91026306152344,26.351999282836914,67.61491394042969,163.7433624267578,76.82461547851562,109.50333404541016,364.8898620605469
2024-09-20,226.50209045410156,429.3076477050781,115.95401763916016,203.49102783203125,483.50885009765625,156.2819366455078,26.138763427734375,68.59149932861328,166.30154418945312,77.8287353515625,108.81421661376953,360.50115966796875
2024-09-23,224.7849578857422,427.5717468261719,116.21392059326172,203.8284454345703,482.51947021484375,155.38702392578125,26.041034698486328,68.67766571044922,165.8719940185547,79.07894897460938,110.78716278076172,362.7981262207031
2024-09-24,225.67825317382812,423.2911682128906,120.82209014892578,203.97303771972656,483.11114501953125,154.96815490722656,26.209842681884766,68.29469299316406,165.36610412597656,79.41365051269531,110.49453735351562,377.2252502441406
2024-09-25,224.68569946289062,426.1909484863281,123.4610366821289,202.62342834472656,476.4371643066406,152.89276123046875,25.703414916992188,68.40959167480469,164.43060302734375,80.13229370117188,108.34220886230469,369.7184753417969
2024-09-26,225.8271484375,425.4018859863281,123.9908218383789,202.2281951904297,482.0440979003906,153.64486694335938,25.738954544067383,68.3617172241211,165.33746337890625,78.67533874511719,106.48255157470703,382.1417541503906
2024-09-27,226.09510803222656,422.1568908691406,121.35187530517578,202.9222869873047,483.58648681640625,153.65435791015625,25.845569610595703,68.7351303100586,165.66200256347656,78.53751373291016,109.33341217041016,382.259033203125
2024-09-30,231.26637268066406,424.40570068359375,121.3918685913086,203.26931762695312,480.28826904296875,154.28269958496094,25.71230125427246,68.8021469116211,165.32789611816406,79.4924087524414,110.6550064086914,382.29815673828125
2024-10-01,224.5269012451172,414.9273376464844,116.95361328125,199.58682250976562,475.4962158203125,154.21607971191406,25.472414016723633,68.65853118896484,165.1751708984375,80.00430297851562,113.21322631835938,383.5395202636719
2024-10-02,225.0926513671875,411.4161376953125,118.8028793334961,199.82781982421875,477.26165771484375,153.43540954589844,25.41910743713379,67.98831176757812,164.1060791015625,79.17739868164062,114.71417999267578,385.162109375
2024-10-03,223.99090576171875,410.834228515625,122.80130004882812,197.8419647216797,471.54803466796875,152.7975616455078,25.179218292236328,67.51915740966797,162.38787841796875,79.17739868164062,115.71481323242188,382.2688293457031
2024-10-04,225.1124725341797,410.36077880859375,124.87047576904297,204.86410522460938,480.3367919921875,152.59765625,25.39244842529297,67.18406677246094,161.20425415039062,79.6794662475586,117.83879852294922,388.1335144042969
2024-10-07,220.04051208496094,403.93011474609375,127.66936492919922,204.5828399658203,479.81292724609375,151.87411499023438,25.943302154541016,66.07341766357422,159.5242462158203,77.86809539794922,118.34855651855469,389.26739501953125
2024-10-08,224.09014892578125,409.0292663574219,132.83731079101562,204.40826416015625,481.7045593261719,152.02645874023438,25.925535202026367,66.23619842529297,160.51699829101562,78.4686050415039,115.20504760742188,379.20941162109375
2024-10-09,227.83209228515625,411.7415771484375,132.597412109375,206.99789428710938,490.05682373046875,152.94036865234375,26.82288932800293,66.60958099365234,161.5765380859375,79.14786529541016,115.25225067138672,387.25384521484375
2024-10-10,227.33580017089844,410.1438293457031,134.75656127929688,206.43539428710938,488.6405029296875,152.8070831298828,26.067689895629883,66.30320739746094,161.27105712890625,78.37016296386719,116.24345397949219,387.69366455078125
2024-10-11,225.85691833496094,410.6171875,134.74656677246094,215.60101318359375,500.8439025878906,153.71148681640625,25.907764434814453,66.60958099365234,163.3137664794922,78.8525390625,116.68711853027344,392.9523010253906
2024-10-14,229.5790252685547,413.3985900878906,138.01527404785156,214.8153839111328,507.1008605957031,153.84478759765625,25.836685180664062,67.34681701660156,164.66925048828125,79.03958129882812,117.13080596923828,385.0643615722656
2024-10-15,232.11004638671875,413.0040588378906,131.54783630371094,215.697998046875,506.741943359375,156.22479248046875,26.15653419494629,67.34681701660156,165.6811065673828,80.37838745117188,113.60970306396484,379.2387390136719
2024-10-16,230.055419921875,410.419921875,135.66619873046875,216.910400390625,513.9979858398438,156.3961639404297,26.360883712768555,67.56703186035156,164.54518127441406,79.955078125,113.90234375,384.7417907714844
2024-10-17,230.42269897460938,411.01171875,136.87571716308594,217.6669158935547,513.1636962890625,156.57705688476562,26.005496978759766,66.92554473876953,164.44969177246094,79.6302261352539,113.60970306396484,385.5921325683594
2024-10-18,233.25148010253906,412.4320373535156,137.94529724121094,218.58831787109375,512.6787109375,157.1958465576172,25.961069107055664,67.44256591796875,164.45643615722656,80.04369354248047,113.28874206542969,384.976318359375
2024-10-21,234.72047424316406,413.0435485839844,143.6530303955078,216.28965759277344,502.2989807128906,155.0157470703125,25.703414916992188,66.49469757080078,162.78575134277344,79.55146789550781,113.35482025146484,383.0439147949219
2024-10-22,234.10508728027344,421.6539611816406,143.53309631347656,217.37596130371094,502.7840270996094,155.60597229003906,25.62345314025879,66.49469757080078,162.93939208984375,80.74264526367188,113.94010162353516,381.06231689453125
2024-10-23,229.0430145263672,418.7838134765625,139.50466918945312,216.68731689453125,501.71697998046875,157.90032958984375,25.64122200012207,65.11598205566406,162.8241424560547,81.9731674194336,113.5341796875,378.3843688964844
2024-10-24,228.8544464111328,418.91204833984375,140.35433959960938,218.21006774902344,508.7984313964844,155.81544494628906,25.445758819580078,64.4361801147461,162.86256408691406,81.74674987792969,112.89227294921875,379.6889953613281
2024-10-25,229.68821716308594,422.2851867675781,141.48388671875,215.6204071044922,497.2546691894531,153.15933227539062,25.276952743530273,64.0723648071289,161.51834106445312,81.2249984741211,112.79786682128906,378.6197509765625
2024-10-28,231.66336059570312,420.74658203125,140.4643096923828,218.7144012451172,507.90594482421875,153.84478759765625,25.64122200012207,63.83299255371094,162.55531311035156,81.46125793457031,112.24091339111328,383.17138671875
2024-10-29,231.93138122558594,426.0331115722656,141.19400024414062,216.19265747070312,508.5849914550781,152.40724182128906,25.28583526611328,62.77022171020508,160.51016235351562,80.42760467529297,110.7116470336914,380.1304626464844
2024-10-30,228.38796997070312,426.6051940917969,139.28475952148438,217.6572265625,508.7015075683594,152.90231323242188,25.339141845703125,63.114906311035156,159.5404052734375,80.12244415283203,110.15469360351562,372.0179138183594
2024-10-31,224.22911071777344,400.7838134765625,132.70738220214844,215.24215698242188,502.2892761230469,152.1882781982422,25.143680572509766,62.530860900878906,158.5994415283203,80.67371368408203,110.2396469116211,369.03582763671875
2024-11-01,221.25144958496094,404.7486877441406,135.34632873535156,216.23147583007812,503.8026123046875,152.4453125,24.957101821899414,62.243629455566406,158.52264404296875,80.90998840332031,108.51213836669922,372.4004821777344
2024-11-04,220.35813903808594,402.8648986816406,135.99607849121094,213.16653442382812,496.1585693359375,150.64601135253906,24.66390609741211,62.339378356933594,158.50343322753906,81.16593933105469,111.96715545654297,369.3497009277344
2024-11-05,221.7873992919922,405.8237609863281,139.8545379638672,214.82508850097656,511.18487548828125,150.75074768066406,24.868255615234375,62.58831024169922,159.1563262939453,82.37677764892578,112.29755401611328,376.06927490234375
2024-11-06,221.06285095214844,414.42431640625,145.55227661132812,239.62564086914062,578.138671875,150.3032989501953,24.30851936340332,60.9893684387207,154.6339874267578,82.14051818847656,114.22329711914062,408.9411315917969
2024-11-07,225.78741455078125,419.6023864746094,148.82098388671875,229.26702880859375,564.741943359375,149.20848083496094,24.39736557006836,60.951072692871094,156.89996337890625,82.54412841796875,114.36490631103516,400.43621826171875
2024-11-08,225.5191650390625,416.75201416015625,147.5714874267578,229.84898376464844,571.6198120117188,148.0089569091797,24.108640670776367,61.20001220703125,161.0286865234375,83.50887298583984,114.3271484375,385.8788146972656
2024-11-11,222.8064727783203,412.2840881347656,145.20240783691406,232.08946228027344,584.3082885742188,147.59957885742188,23.675552368164062,60.66384506225586,159.41558837890625,82.89851379394531,113.72298431396484,388.9884948730469
2024-11-12,222.8064727783203,417.23529052734375,148.231201171875,232.35133361816406,574.8501586914062,145.31475830078125,23.630435943603516,60.510650634765625,159.23316955566406,83.6663818359375,113.60970306396484,385.5257263183594
2024-11-13,223.69082641601562,419.3755798339844,146.21200561523438,233.9031982421875,576.4312133789062,145.88595581054688,24.108640670776367,60.31916809082031,159.94366455078125,84.16842651367188,114.66698455810547,379.6988525390625
2024-11-14,226.77114868164062,421.0424499511719,146.70181274414062,234.59182739257812,570.9892578125,144.58172607421875,23.477048873901367,59.888309478759766,160.4237518310547,83.15447998046875,114.74312591552734,379.9833068847656
2024-11-15,223.57159423828125,409.3153381347656,141.9237060546875,237.9282989501953,575.7716064453125,146.6094970703125,22.37628173828125,59.1127815246582,162.78575134277344,82.93789672851562,113.55343627929688,376.7559509277344
2024-11-18,226.5724334716797,410.0649108886719,140.09442138671875,237.65675354003906,570.3876953125,147.34255981445312,22.430418014526367,59.2276725769043,163.9475555419922,82.77056121826172,114.50518035888672,377.1385498046875
2024-11-19,226.8307647705078,412.06707763671875,146.95172119140625,235.7751007080078,563.9756469726562,145.657470703125,22.64696502685547,59.926605224609375,163.95713806152344,85.25129699707031,112.9062271118164,375.049072265625
2024-11-20,227.54620361328125,409.7986145019531,145.83216857910156,233.53463745117188,564.5092163085938,145.76219177246094,22.50259780883789,60.30958938598633,164.0819854736328,85.82227325439453,114.51469421386719,374.23492431640625
2024-11-21,227.0692596435547,408.0295715332031,146.6118621826172,237.3948516845703,578.2646484375,148.0375213623047,22.674030303955078,61.046817779541016,165.86788940429688,87.013427734375,116.0470199584961,382.17083740234375
2024-11-22,228.41065979003906,412.11114501953125,141.8937225341797,241.07081604003906,584.7350463867188,147.72335815429688,23.143207550048828,61.20001220703125,169.25723266601562,89.031494140625,115.91376495361328,389.92041015625
2024-11-25,231.39161682128906,413.8801574707031,135.96607971191406,242.75845336914062,584.9776000976562,148.30409240722656,23.61239242553711,61.64043426513672,170.32301330566406,88.10614013671875,114.18158721923828,397.92498779296875
2024-11-26,233.56771850585938,422.9722900390625,136.86573791503906,242.44808959960938,587.3736572265625,148.28489685058594,23.25148582458496,61.80320739746094,172.1665496826172,89.887939453125,112.27809143066406,400.0634460449219
2024-11-27,233.43853759765625,418.0309143066406,135.2863311767578,242.27349853515625,587.3057861328125,149.12936401367188,23.305620193481445,61.68830871582031,172.21453857421875,90.44908905029297,111.98303985595703,396.0121765136719
2024-11-29,235.8233184814453,418.49542236328125,138.19520568847656,242.2056427001953,590.3517456054688,148.75511169433594,23.648481369018555,61.818546295166016,172.1185302734375,91.05941009521484,112.26856994628906,398.376220703125
2024-12-02,238.0689697265625,425.92724609375,138.5750274658203,238.84002685546875,586.5887451171875,148.5535888671875,23.296594619750977,61.403724670410156,172.54100036621094,91.1972427368164,112.16387939453125,394.8448181152344
2024-12-03,241.10952758789062,426.1446838378906,140.20440673828125,237.4530792236328,586.949462890625,146.21202087402344,23.062007904052734,61.2783088684082,168.4315185546875,92.0536880493164,111.99256134033203,391.65667724609375
2024-12-04,241.46722412109375,432.291748046875,145.08245849609375,236.07579040527344,583.6641845703125,144.39830017089844,22.764257431030273,60.01454162597656,168.13385009765625,92.97904205322266,108.76612854003906,391.9019775390625
2024-12-05,241.49705505371094,437.4308166503906,145.0124969482422,238.09320068359375,581.8021240234375,143.48666381835938,23.18832778930664,60.69948196411133,169.01719665527344,93.81581115722656,109.24198913574219,387.4582214355469
2024-12-06,241.29832458496094,438.3696594238281,142.3933563232422,239.91664123535156,584.6097412109375,143.2851104736328,23.215391159057617,60.32324981689453,166.895263671875,94.2095718383789,108.09038543701172,387.50726318359375
2024-12-09,245.18350219726562,440.7909240722656,138.7645263671875,236.47344970703125,579.1893920898438,143.5634307861328,23.549232482910156,60.390777587890625,163.98594665527344,92.36870574951172,107.45270538330078,391.65667724609375
2024-12-10,246.19703674316406,438.1324462890625,135.0257568359375,235.55203247070312,570.327880859375,143.20834350585938,23.071029663085938,60.68983459472656,165.4165802001953,93.07749938964844,107.23379516601562,380.99371337890625
2024-12-11,244.9251708984375,443.7261047363281,139.2643585205078,236.2018585205078,577.668701171875,140.72286987304688,22.764257431030273,60.42936325073242,163.83233642578125,93.4811019897461,106.51998901367188,381.4645690917969
2024-12-12,246.38580322265625,444.2894287109375,137.29501342773438,234.26205444335938,576.7424926757812,140.33901977539062,22.890575408935547,61.58701705932617,164.0435791015625,92.62464141845703,106.4248046875,373.5285949707031
2024-12-13,246.55474853515625,442.0262451171875,134.20602416992188,232.71990966796875,570.7666015625,140.7036590576172,23.08005142211914,60.892425537109375,164.24522399902344,92.98773193359375,105.49209594726562,373.2637634277344
2024-12-16,249.44625854492188,446.29559326171875,131.9567413330078,232.37074279785156,571.5952758789062,138.0454559326172,22.782304763793945,60.3425407409668,164.32200622558594,93.59943389892578,103.2364501953125,371.70404052734375
2024-12-17,251.87075805664062,449.1319885253906,130.3472900390625,231.18743896484375,560.238037109375,140.50216674804688,23.846982955932617,61.162540435791016,163.54429626464844,94.14205932617188,102.79864501953125,368.6434020996094
2024-12-18,246.47528076171875,432.26214599609375,128.86778259277344,223.4378662109375,536.4219360351562,138.90911865234375,23.35975456237793,60.63195037841797,162.34405517578125,92.29711151123047,101.28535461425781,356.9602966308594
2024-12-19,248.20419311523438,431.90631103515625,130.63717651367188,225.94993591308594,540.0679321289062,137.78631591796875,23.25148582458496,60.246070861816406,162.44970703125,92.14910888671875,100.41926574707031,353.50726318359375
2024-12-20,252.8743896484375,431.4814147949219,134.65586853027344,230.45033264160156,551.8735961914062,138.64041137695312,23.783823013305664,60.3425407409668,161.36473083496094,91.00464630126953,100.76189422607422,359.0693054199219
2024-12-23,253.6494140625,430.147216796875,139.62425231933594,231.21653747558594,556.4359741210938,139.40814208984375,24.09961700439453,60.17853927612305,161.4127197265625,89.13996887207031,101.171142578125,358.4317321777344
2024-12-24,256.5608215332031,434.1793212890625,140.174072265625,235.01856994628906,568.1441650390625,139.96475219726562,24.126684188842773,60.62230682373047,162.20965576171875,91.43875885009766,101.26631927490234,360.5701599121094
2024-12-26,257.3755798339844,432.9736328125,139.88417053222656,235.8236083984375,566.6233520507812,139.7056427001953,23.964275360107422,60.36183547973633,163.3810577392578,91.54727935791016,101.35198211669922,360.1287536621094
2024-12-27,253.96739196777344,425.4825439453125,136.96510314941406,233.91290283203125,561.7002563476562,139.197021484375,24.018415451049805,60.246070861816406,162.77615356445312,90.43242645263672,101.34247589111328,357.9117736816406
2024-12-30,250.59889221191406,419.8493347167969,137.4449462890625,232.11856079101562,559.1364135742188,137.55601501464844,23.83795928955078,59.84089279174805,160.43333435058594,89.35700988769531,100.6572036743164,356.0970153808594
